ID,QC
MURED_test_(0004)aria_d_28,3
MURED_test_aria_a_13_2,4
MURED_test_aria_a_13_22,3
MURED_test_aria_a_27_11,3
MURED_test_aria_a_42_1,2
MURED_test_aria_a_5_9,2
MURED_test_aria_c_23_23,3
MURED_test_aria_c_25_10,3
MURED_test_aria_c_28_19,2
MURED_test_aria_c_36_4,2
MURED_test_aria_c_40_b_14,2
MURED_test_aria_c_41_3,2
MURED_test_aria_c_43_1,2
MURED_test_aria_c_47_15,2
MURED_test_aria_d_23_1,3
MURED_test_aria_d_25_33,3
MURED_test_aria_d_6_3,3
MURED_test_aria_d_9_3,2
MURED_test_im0003,4
MURED_test_im0016,5
MURED_test_im0017,4
MURED_test_im0019,5
MURED_test_im0025,5
MURED_test_im0045,4
MURED_test_im0058,4
MURED_test_im0059,4
MURED_test_im0065,5
MURED_test_im0077,5
MURED_test_im0078,3
MURED_test_im0080,3
MURED_test_im0089,3
MURED_test_im0090,4
MURED_test_im0091,4
MURED_test_im0092,4
MURED_test_im0093,5
MURED_test_im0105,5
MURED_test_im0110,5
MURED_test_im0116,5
MURED_test_im0118,5
MURED_test_im0119,4
MURED_test_im0122,5
MURED_test_im0127,3
MURED_test_im0130,3
MURED_test_im0138,5
MURED_test_im0142,4
MURED_test_im0148,3
MURED_test_im0151,2
MURED_test_im0152,1
MURED_test_im0155,2
MURED_test_im0168,5
MURED_test_im0181,2
MURED_test_im0182,5
MURED_test_im0183,5
MURED_test_im0184,4
MURED_test_im0187,3
MURED_test_im0189,4
MURED_test_im0195,3
MURED_test_im0206,3
MURED_test_im0230,4
MURED_test_im0232,4
MURED_test_im0248,4
MURED_test_im0249,4
MURED_test_im0250,4
MURED_test_im0258,4
MURED_test_im0282,4
MURED_test_im0288,2
MURED_test_im0292,3
MURED_test_im0314,2
MURED_test_im0320,2
MURED_test_im0323,4
MURED_test_im0326,3
MURED_test_im0331,3
MURED_test_im0342,3
MURED_test_im0353,5
MURED_test_im0355,5
MURED_test_im0359,4
MURED_test_im0361,3
MURED_test_im0365,4
MURED_test_im0369,5
MURED_test_im0373,2
MURED_test_im0377,4
MURED_test_im0397,4
MURED_test_im0399,5
MURED_test_im0402,5
MURED_train_(0001)aria_d_26,4
MURED_train_(0001)aria_d_27,5
MURED_train_(0003)aria_d_29,2
MURED_train_(0007)aria_d_28,4
MURED_train_(0018)aria_d_26,3
MURED_train_(0024)aria_d_30,2
MURED_train_(0026)aria_d_27,2
MURED_train_(0031)aria_c_37,3
MURED_train_aria_a_10_10,2
MURED_train_aria_a_10_27,3
MURED_train_aria_a_11_30,3
MURED_train_aria_a_11_6,3
MURED_train_aria_a_12_15,4
MURED_train_aria_a_12_34,4
MURED_train_aria_a_14_11,3
MURED_train_aria_a_14_19,4
MURED_train_aria_a_15_35,3
MURED_train_aria_a_20_6,2
MURED_train_aria_a_34_6,3
MURED_train_aria_a_39_1,3
MURED_train_aria_a_46_14,2
MURED_train_aria_a_56_1,2
MURED_train_aria_a_9_43,4
MURED_train_aria_c_1_7,4
MURED_train_aria_c_1_8,4
MURED_train_aria_c_20_1,4
MURED_train_aria_c_20_10,3
MURED_train_aria_c_20_18,4
MURED_train_aria_c_21_12,4
MURED_train_aria_c_21_3,4
MURED_train_aria_c_22_1,5
MURED_train_aria_c_22_9,5
MURED_train_aria_c_23_4,3
MURED_train_aria_c_24_12,4
MURED_train_aria_c_24_2,4
MURED_train_aria_c_25_1,4
MURED_train_aria_c_26_15,4
MURED_train_aria_c_26_2,4
MURED_train_aria_c_27_3,3
MURED_train_aria_c_2_3,2
MURED_train_aria_c_2_8,3
MURED_train_aria_c_30_2,3
MURED_train_aria_c_31_2,2
MURED_train_aria_c_31_20,3
MURED_train_aria_c_32_2,2
MURED_train_aria_c_32_21,3
MURED_train_aria_c_34_1,4
MURED_train_aria_c_35_2,4
MURED_train_aria_c_35_26,3
MURED_train_aria_c_35_27,3
MURED_train_aria_c_36_44,2
MURED_train_aria_c_38_2,3
MURED_train_aria_c_38_42,2
MURED_train_aria_c_39_a_10,2
MURED_train_aria_c_40_a_6,1
MURED_train_aria_c_41_15,2
MURED_train_aria_c_44_12,2
MURED_train_aria_c_44_3,2
MURED_train_aria_c_45_12,3
MURED_train_aria_c_45_2,1
MURED_train_aria_c_46_12,2
MURED_train_aria_c_47_2,2
MURED_train_aria_c_4_1,3
MURED_train_aria_c_4_8,3
MURED_train_aria_c_5_1,2
MURED_train_aria_c_5_4,3
MURED_train_aria_c_6_2,4
MURED_train_aria_c_6_5,4
MURED_train_aria_c_7_2,5
MURED_train_aria_c_9_1,4
MURED_train_aria_c_9_6,3
MURED_train_aria_d_10_19,2
MURED_train_aria_d_11_1,3
MURED_train_aria_d_11_22,2
MURED_train_aria_d_12_2,2
MURED_train_aria_d_12_20,3
MURED_train_aria_d_13_2,2
MURED_train_aria_d_13_22,3
MURED_train_aria_d_14_20,2
MURED_train_aria_d_15_2,2
MURED_train_aria_d_15_22,2
MURED_train_aria_d_16_2,4
MURED_train_aria_d_16_22,3
MURED_train_aria_d_17_12,3
MURED_train_aria_d_17_2,3
MURED_train_aria_d_18_2,2
MURED_train_aria_d_18_21,2
MURED_train_aria_d_1_19,3
MURED_train_aria_d_20_17,2
MURED_train_aria_d_20_2,2
MURED_train_aria_d_21_2,3
MURED_train_aria_d_21_21,3
MURED_train_aria_d_22_2,3
MURED_train_aria_d_22_22,2
MURED_train_aria_d_24_6,2
MURED_train_aria_d_25_2,2
MURED_train_aria_d_2_31,2
MURED_train_aria_d_2_6,2
MURED_train_aria_d_3_2,2
MURED_train_aria_d_3_32,2
MURED_train_aria_d_3_33,3
MURED_train_aria_d_4_31,2
MURED_train_aria_d_4_5,2
MURED_train_aria_d_5_2,2
MURED_train_aria_d_5_22,2
MURED_train_aria_d_6_11,5
MURED_train_aria_d_7_17,3
MURED_train_aria_d_7_22,2
MURED_train_aria_d_8_2,2
MURED_train_aria_d_8_23,2
MURED_train_aria_d_9_24,3
MURED_train_im0001,4
MURED_train_im0002,4
MURED_train_im0004,2
MURED_train_im0005,4
MURED_train_im0006,3
MURED_train_im0007,2
MURED_train_im0008,3
MURED_train_im0009,3
MURED_train_im0010,3
MURED_train_im0011,3
MURED_train_im0012,2
MURED_train_im0014,3
MURED_train_im0015,3
MURED_train_im0018,4
MURED_train_im0020,4
MURED_train_im0021,3
MURED_train_im0022,4
MURED_train_im0023,2
MURED_train_im0024,2
MURED_train_im0026,3
MURED_train_im0027,3
MURED_train_im0028,3
MURED_train_im0029,2
MURED_train_im0030,2
MURED_train_im0031,4
MURED_train_im0032,4
MURED_train_im0033,3
MURED_train_im0034,3
MURED_train_im0036,3
MURED_train_im0037,2
MURED_train_im0038,3
MURED_train_im0039,3
MURED_train_im0040,3
MURED_train_im0041,3
MURED_train_im0042,3
MURED_train_im0043,3
MURED_train_im0044,3
MURED_train_im0046,3
MURED_train_im0048,2
MURED_train_im0049,5
MURED_train_im0050,5
MURED_train_im0052,4
MURED_train_im0053,3
MURED_train_im0054,4
MURED_train_im0055,3
MURED_train_im0056,1
MURED_train_im0057,3
MURED_train_im0060,3
MURED_train_im0061,4
MURED_train_im0062,3
MURED_train_im0063,3
MURED_train_im0064,4
MURED_train_im0067,3
MURED_train_im0068,3
MURED_train_im0069,2
MURED_train_im0070,4
MURED_train_im0071,3
MURED_train_im0072,1
MURED_train_im0073,4
MURED_train_im0074,4
MURED_train_im0075,4
MURED_train_im0076,4
MURED_train_im0079,3
MURED_train_im0081,4
MURED_train_im0082,4
MURED_train_im0083,4
MURED_train_im0084,3
MURED_train_im0085,4
MURED_train_im0086,4
MURED_train_im0087,5
MURED_train_im0088,5
MURED_train_im0094,4
MURED_train_im0095,4
MURED_train_im0096,2
MURED_train_im0097,5
MURED_train_im0098,4
MURED_train_im0099,3
MURED_train_im0100,4
MURED_train_im0101,4
MURED_train_im0102,4
MURED_train_im0103,4
MURED_train_im0104,4
MURED_train_im0106,4
MURED_train_im0107,4
MURED_train_im0111,5
MURED_train_im0112,5
MURED_train_im0113,4
MURED_train_im0114,4
MURED_train_im0115,3
MURED_train_im0117,4
MURED_train_im0120,5
MURED_train_im0121,4
MURED_train_im0123,4
MURED_train_im0124,3
MURED_train_im0125,3
MURED_train_im0126,2
MURED_train_im0128,4
MURED_train_im0129,3
MURED_train_im0131,2
MURED_train_im0132,2
MURED_train_im0133,2
MURED_train_im0134,2
MURED_train_im0135,3
MURED_train_im0136,3
MURED_train_im0137,3
MURED_train_im0139,3
MURED_train_im0140,4
MURED_train_im0141,4
MURED_train_im0143,3
MURED_train_im0145,2
MURED_train_im0146,1
MURED_train_im0147,1
MURED_train_im0149,2
MURED_train_im0150,2
MURED_train_im0153,2
MURED_train_im0154,2
MURED_train_im0156,3
MURED_train_im0157,3
MURED_train_im0158,2
MURED_train_im0160,5
MURED_train_im0161,5
MURED_train_im0162,5
MURED_train_im0163,5
MURED_train_im0169,5
MURED_train_im0170,4
MURED_train_im0171,1
MURED_train_im0172,2
MURED_train_im0173,3
MURED_train_im0174,3
MURED_train_im0175,4
MURED_train_im0176,2
MURED_train_im0177,3
MURED_train_im0178,4
MURED_train_im0179,5
MURED_train_im0180,5
MURED_train_im0185,3
MURED_train_im0186,4
MURED_train_im0188,4
MURED_train_im0190,3
MURED_train_im0191,3
MURED_train_im0192,3
MURED_train_im0193,2
MURED_train_im0194,3
MURED_train_im0196,5
MURED_train_im0197,4
MURED_train_im0198,4
MURED_train_im0199,4
MURED_train_im0200,4
MURED_train_im0201,4
MURED_train_im0202,5
MURED_train_im0203,3
MURED_train_im0204,4
MURED_train_im0205,5
MURED_train_im0207,3
MURED_train_im0208,5
MURED_train_im0209,5
MURED_train_im0210,4
MURED_train_im0211,2
MURED_train_im0212,2
MURED_train_im0213,2
MURED_train_im0216,4
MURED_train_im0217,4
MURED_train_im0218,4
MURED_train_im0219,4
MURED_train_im0220,4
MURED_train_im0221,4
MURED_train_im0222,5
MURED_train_im0223,4
MURED_train_im0224,5
MURED_train_im0225,5
MURED_train_im0226,5
MURED_train_im0228,3
MURED_train_im0229,3
MURED_train_im0231,3
MURED_train_im0233,3
MURED_train_im0234,4
MURED_train_im0235,4
MURED_train_im0236,4
MURED_train_im0237,3
MURED_train_im0238,3
MURED_train_im0239,3
MURED_train_im0240,3
MURED_train_im0241,3
MURED_train_im0242,3
MURED_train_im0243,3
MURED_train_im0245,4
MURED_train_im0246,4
MURED_train_im0247,3
MURED_train_im0251,2
MURED_train_im0252,3
MURED_train_im0253,3
MURED_train_im0254,3
MURED_train_im0255,4
MURED_train_im0257,4
MURED_train_im0259,3
MURED_train_im0260,1
MURED_train_im0261,1
MURED_train_im0262,3
MURED_train_im0263,4
MURED_train_im0264,3
MURED_train_im0265,3
MURED_train_im0266,3
MURED_train_im0267,3
MURED_train_im0268,2
MURED_train_im0269,3
MURED_train_im0270,2
MURED_train_im0271,2
MURED_train_im0272,2
MURED_train_im0273,4
MURED_train_im0274,2
MURED_train_im0275,2
MURED_train_im0276,2
MURED_train_im0277,2
MURED_train_im0280,3
MURED_train_im0284,3
MURED_train_im0285,2
MURED_train_im0286,3
MURED_train_im0287,3
MURED_train_im0289,3
MURED_train_im0290,4
MURED_train_im0293,4
MURED_train_im0296,4
MURED_train_im0297,4
MURED_train_im0298,3
MURED_train_im0299,4
MURED_train_im0300,3
MURED_train_im0304,3
MURED_train_im0306,2
MURED_train_im0307,3
MURED_train_im0308,3
MURED_train_im0309,4
MURED_train_im0310,2
MURED_train_im0311,2
MURED_train_im0312,2
MURED_train_im0313,2
MURED_train_im0315,1
MURED_train_im0316,2
MURED_train_im0321,3
MURED_train_im0322,3
MURED_train_im0325,4
MURED_train_im0327,3
MURED_train_im0328,3
MURED_train_im0329,3
MURED_train_im0330,3
MURED_train_im0332,4
MURED_train_im0333,3
MURED_train_im0334,3
MURED_train_im0336,3
MURED_train_im0338,4
MURED_train_im0339,4
MURED_train_im0340,4
MURED_train_im0341,3
MURED_train_im0343,4
MURED_train_im0345,2
MURED_train_im0347,3
MURED_train_im0348,2
MURED_train_im0349,2
MURED_train_im0350,3
MURED_train_im0351,4
MURED_train_im0352,3
MURED_train_im0354,3
MURED_train_im0356,2
MURED_train_im0360,2
MURED_train_im0362,1
MURED_train_im0363,4
MURED_train_im0364,4
MURED_train_im0366,4
MURED_train_im0370,3
MURED_train_im0372,3
MURED_train_im0375,3
MURED_train_im0376,3
MURED_train_im0378,4
MURED_train_im0379,2
MURED_train_im0380,3
MURED_train_im0381,5
MURED_train_im0382,3
MURED_train_im0383,4
MURED_train_im0384,3
MURED_train_im0385,3
MURED_train_im0395,2
MURED_train_im0396,2
MURED_train_im0398,3
MURED_train_im0400,4
MURED_train_im0401,4
MURED_unlabeled_1019,1
MURED_unlabeled_1021,1
MURED_unlabeled_1056,1
MURED_unlabeled_1057,1
MURED_unlabeled_1076,1
MURED_unlabeled_11,1
MURED_unlabeled_1118,1
MURED_unlabeled_1122,1
MURED_unlabeled_113,1
MURED_unlabeled_1146,2
MURED_unlabeled_1149,1
MURED_unlabeled_1150,1
MURED_unlabeled_1178,1
MURED_unlabeled_1179,1
MURED_unlabeled_1182,1
MURED_unlabeled_1192,1
MURED_unlabeled_1211,1
MURED_unlabeled_1212,2
MURED_unlabeled_1217,1
MURED_unlabeled_1221,1
MURED_unlabeled_1233,1
MURED_unlabeled_1235,1
MURED_unlabeled_1236,1
MURED_unlabeled_1248,2
MURED_unlabeled_1249,2
MURED_unlabeled_1279,2
MURED_unlabeled_128,2
MURED_unlabeled_1285,2
MURED_unlabeled_1288,2
MURED_unlabeled_129,2
MURED_unlabeled_1293,2
MURED_unlabeled_1298,1
MURED_unlabeled_1304,1
MURED_unlabeled_1317,2
MURED_unlabeled_1345,2
MURED_unlabeled_1390,2
MURED_unlabeled_1428,1
MURED_unlabeled_1440,1
MURED_unlabeled_149,1
MURED_unlabeled_1490,1
MURED_unlabeled_1496,2
MURED_unlabeled_150,2
MURED_unlabeled_1531,2
MURED_unlabeled_1532,2
MURED_unlabeled_1560,1
MURED_unlabeled_1566,2
MURED_unlabeled_157,1
MURED_unlabeled_1573,2
MURED_unlabeled_1574,1
MURED_unlabeled_1575,1
MURED_unlabeled_1576,1
MURED_unlabeled_1577,2
MURED_unlabeled_1578,1
MURED_unlabeled_1579,2
MURED_unlabeled_1580,2
MURED_unlabeled_1585,3
MURED_unlabeled_1595,1
MURED_unlabeled_1606,2
MURED_unlabeled_1607,2
MURED_unlabeled_1609,2
MURED_unlabeled_1611,2
MURED_unlabeled_1613,1
MURED_unlabeled_1615,1
MURED_unlabeled_1617,2
MURED_unlabeled_1618,2
MURED_unlabeled_1621,1
MURED_unlabeled_1625,2
MURED_unlabeled_163,1
MURED_unlabeled_1632,1
MURED_unlabeled_164,1
MURED_unlabeled_1641,1
MURED_unlabeled_1651,1
MURED_unlabeled_1652,1
MURED_unlabeled_1653,1
MURED_unlabeled_1655,2
MURED_unlabeled_1669,2
MURED_unlabeled_1672,1
MURED_unlabeled_1677,1
MURED_unlabeled_1680,2
MURED_unlabeled_1683,1
MURED_unlabeled_1686,1
MURED_unlabeled_169,2
MURED_unlabeled_1694,1
MURED_unlabeled_1718,2
MURED_unlabeled_1720,2
MURED_unlabeled_1721,2
MURED_unlabeled_1722,1
MURED_unlabeled_1723,1
MURED_unlabeled_1724,1
MURED_unlabeled_1725,1
MURED_unlabeled_1749,1
MURED_unlabeled_176,1
MURED_unlabeled_1799,1
MURED_unlabeled_183,1
MURED_unlabeled_1831,1
MURED_unlabeled_186,2
MURED_unlabeled_1914,2
MURED_unlabeled_1915,2
MURED_unlabeled_194,2
MURED_unlabeled_198,2
MURED_unlabeled_208,2
MURED_unlabeled_232,2
MURED_unlabeled_24,2
MURED_unlabeled_244,2
MURED_unlabeled_247,1
MURED_unlabeled_251,1
MURED_unlabeled_307,1
MURED_unlabeled_322,1
MURED_unlabeled_323,1
MURED_unlabeled_335,2
MURED_unlabeled_34,2
MURED_unlabeled_340,2
MURED_unlabeled_342,2
MURED_unlabeled_354,1
MURED_unlabeled_355,1
MURED_unlabeled_386,1
MURED_unlabeled_389,1
MURED_unlabeled_391,2
MURED_unlabeled_398,2
MURED_unlabeled_399,2
MURED_unlabeled_4,1
MURED_unlabeled_404,2
MURED_unlabeled_405,2
MURED_unlabeled_411,2
MURED_unlabeled_415,1
MURED_unlabeled_416,1
MURED_unlabeled_417,1
MURED_unlabeled_418,1
MURED_unlabeled_422,1
MURED_unlabeled_427,2
MURED_unlabeled_428,1
MURED_unlabeled_436,2
MURED_unlabeled_453,2
MURED_unlabeled_474,2
MURED_unlabeled_488,2
MURED_unlabeled_494,2
MURED_unlabeled_495,2
MURED_unlabeled_501,2
MURED_unlabeled_502,2
MURED_unlabeled_507,1
MURED_unlabeled_510,2
MURED_unlabeled_511,2
MURED_unlabeled_512,1
MURED_unlabeled_514,2
MURED_unlabeled_528,1
MURED_unlabeled_534,2
MURED_unlabeled_535,2
MURED_unlabeled_549,2
MURED_unlabeled_589,1
MURED_unlabeled_597,2
MURED_unlabeled_600,2
MURED_unlabeled_629,1
MURED_unlabeled_657,2
MURED_unlabeled_672,2
MURED_unlabeled_696,2
MURED_unlabeled_697,2
MURED_unlabeled_709,1
MURED_unlabeled_72,2
MURED_unlabeled_721,1
MURED_unlabeled_73,2
MURED_unlabeled_745,2
MURED_unlabeled_746,1
MURED_unlabeled_747,1
MURED_unlabeled_749,2
MURED_unlabeled_76,2
MURED_unlabeled_760,2
MURED_unlabeled_761,2
MURED_unlabeled_762,2
MURED_unlabeled_763,2
MURED_unlabeled_77,2
MURED_unlabeled_780,1
MURED_unlabeled_791,1
MURED_unlabeled_837,1
MURED_unlabeled_845,1
MURED_unlabeled_849,1
MURED_unlabeled_873,2
MURED_unlabeled_877,1
MURED_unlabeled_887,1
MURED_unlabeled_919,1
MURED_unlabeled_920,1
MURED_unlabeled_923,1
MURED_unlabeled_927,2
MURED_unlabeled_932,2
MURED_unlabeled_955,1
MURED_unlabeled_962,1
MURED_unlabeled_968,1
MURED_unlabeled_971,2
MURED_unlabeled_979,1
MURED_unlabeled_981,1
MURED_unlabeled_995,1
MURED_unlabeled_996,2
MURED_unlabeled_aria_a_18_23,2
MURED_unlabeled_aria_a_26_10,2
MURED_unlabeled_aria_a_43_9,2
MURED_unlabeled_aria_c_29_2,3
MURED_unlabeled_aria_c_2_2,2
MURED_unlabeled_aria_c_33_4,3
MURED_unlabeled_aria_c_3_2,3
MURED_unlabeled_aria_d_10_2,1
MURED_unlabeled_aria_d_14_2,2
MURED_unlabeled_aria_d_16_21,2
MURED_unlabeled_aria_d_1_2,2
MURED_unlabeled_aria_d_23_4,2
MURED_unlabeled_aria_d_24_21,2
MURED_unlabeled_aria_d_29,2
MURED_unlabeled_im0013,1
MURED_unlabeled_im0035,1
MURED_unlabeled_im0051,2
MURED_unlabeled_im0066,2
MURED_unlabeled_im0159,2
MURED_unlabeled_im0164,2
MURED_unlabeled_im0165,2
MURED_unlabeled_im0166,2
MURED_unlabeled_im0214,2
MURED_unlabeled_im0215,2
MURED_unlabeled_im0227,2
MURED_unlabeled_im0244,2
MURED_unlabeled_im0256,3
MURED_unlabeled_im0278,3
MURED_unlabeled_im0279,2
MURED_unlabeled_im0281,2
MURED_unlabeled_im0283,2
MURED_unlabeled_im0291,3
MURED_unlabeled_im0294,3
MURED_unlabeled_im0295,2
MURED_unlabeled_im0301,1
MURED_unlabeled_im0302,2
MURED_unlabeled_im0303,2
MURED_unlabeled_im0305,1
MURED_unlabeled_im0317,2
MURED_unlabeled_im0318,2
MURED_unlabeled_im0319,2
MURED_unlabeled_im0324,2
MURED_unlabeled_im0335,2
MURED_unlabeled_im0337,2
MURED_unlabeled_im0344,3
MURED_unlabeled_im0346,2
MURED_unlabeled_im0357,3
MURED_unlabeled_im0358,2
MURED_unlabeled_im0367,3
MURED_unlabeled_im0368,3
MURED_unlabeled_im0371,3
MURED_unlabeled_im0374,3
RFMiD_test_1,4
RFMiD_test_10,4
RFMiD_test_100,4
RFMiD_test_101,3
RFMiD_test_102,4
RFMiD_test_103,4
RFMiD_test_104,2
RFMiD_test_105,2
RFMiD_test_106,2
RFMiD_test_107,4
RFMiD_test_108,1
RFMiD_test_109,1
RFMiD_test_11,4
RFMiD_test_110,3
RFMiD_test_111,3
RFMiD_test_112,2
RFMiD_test_113,4
RFMiD_test_114,4
RFMiD_test_115,3
RFMiD_test_116,4
RFMiD_test_117,4
RFMiD_test_118,5
RFMiD_test_119,4
RFMiD_test_12,3
RFMiD_test_120,3
RFMiD_test_121,2
RFMiD_test_122,3
RFMiD_test_123,3
RFMiD_test_124,3
RFMiD_test_125,3
RFMiD_test_126,3
RFMiD_test_127,1
RFMiD_test_128,2
RFMiD_test_129,2
RFMiD_test_13,3
RFMiD_test_130,2
RFMiD_test_131,4
RFMiD_test_132,4
RFMiD_test_133,4
RFMiD_test_134,4
RFMiD_test_135,4
RFMiD_test_136,3
RFMiD_test_137,1
RFMiD_test_138,1
RFMiD_test_139,3
RFMiD_test_14,4
RFMiD_test_140,4
RFMiD_test_141,3
RFMiD_test_142,3
RFMiD_test_143,1
RFMiD_test_144,2
RFMiD_test_145,1
RFMiD_test_146,5
RFMiD_test_147,4
RFMiD_test_148,4
RFMiD_test_149,1
RFMiD_test_15,2
RFMiD_test_150,2
RFMiD_test_151,3
RFMiD_test_152,4
RFMiD_test_153,3
RFMiD_test_154,3
RFMiD_test_155,3
RFMiD_test_156,2
RFMiD_test_157,3
RFMiD_test_158,3
RFMiD_test_159,1
RFMiD_test_16,4
RFMiD_test_160,3
RFMiD_test_161,3
RFMiD_test_162,3
RFMiD_test_163,4
RFMiD_test_164,4
RFMiD_test_165,4
RFMiD_test_166,5
RFMiD_test_167,3
RFMiD_test_168,4
RFMiD_test_169,2
RFMiD_test_17,4
RFMiD_test_170,4
RFMiD_test_171,4
RFMiD_test_172,2
RFMiD_test_173,4
RFMiD_test_174,4
RFMiD_test_175,3
RFMiD_test_176,3
RFMiD_test_177,4
RFMiD_test_178,4
RFMiD_test_179,3
RFMiD_test_18,3
RFMiD_test_180,3
RFMiD_test_181,3
RFMiD_test_182,2
RFMiD_test_183,4
RFMiD_test_184,2
RFMiD_test_185,3
RFMiD_test_186,1
RFMiD_test_187,1
RFMiD_test_188,4
RFMiD_test_189,2
RFMiD_test_19,3
RFMiD_test_190,4
RFMiD_test_191,2
RFMiD_test_192,1
RFMiD_test_193,2
RFMiD_test_194,2
RFMiD_test_195,2
RFMiD_test_196,2
RFMiD_test_197,2
RFMiD_test_198,2
RFMiD_test_199,1
RFMiD_test_2,4
RFMiD_test_20,3
RFMiD_test_200,2
RFMiD_test_201,3
RFMiD_test_202,3
RFMiD_test_203,4
RFMiD_test_204,3
RFMiD_test_205,3
RFMiD_test_206,4
RFMiD_test_207,1
RFMiD_test_208,2
RFMiD_test_209,2
RFMiD_test_21,5
RFMiD_test_210,4
RFMiD_test_211,3
RFMiD_test_212,2
RFMiD_test_213,3
RFMiD_test_214,4
RFMiD_test_215,5
RFMiD_test_216,2
RFMiD_test_217,2
RFMiD_test_218,1
RFMiD_test_219,3
RFMiD_test_22,3
RFMiD_test_220,4
RFMiD_test_221,3
RFMiD_test_222,4
RFMiD_test_223,4
RFMiD_test_224,5
RFMiD_test_225,1
RFMiD_test_226,1
RFMiD_test_227,4
RFMiD_test_228,4
RFMiD_test_229,4
RFMiD_test_23,3
RFMiD_test_230,5
RFMiD_test_231,5
RFMiD_test_232,2
RFMiD_test_233,2
RFMiD_test_234,4
RFMiD_test_235,3
RFMiD_test_236,4
RFMiD_test_237,4
RFMiD_test_238,2
RFMiD_test_239,3
RFMiD_test_24,1
RFMiD_test_240,1
RFMiD_test_241,3
RFMiD_test_242,2
RFMiD_test_243,1
RFMiD_test_244,4
RFMiD_test_245,5
RFMiD_test_246,5
RFMiD_test_247,5
RFMiD_test_248,5
RFMiD_test_249,5
RFMiD_test_25,5
RFMiD_test_250,5
RFMiD_test_251,3
RFMiD_test_252,2
RFMiD_test_253,2
RFMiD_test_254,2
RFMiD_test_255,3
RFMiD_test_256,3
RFMiD_test_257,2
RFMiD_test_258,2
RFMiD_test_259,4
RFMiD_test_26,3
RFMiD_test_260,4
RFMiD_test_261,3
RFMiD_test_262,2
RFMiD_test_263,2
RFMiD_test_264,1
RFMiD_test_265,3
RFMiD_test_266,3
RFMiD_test_267,4
RFMiD_test_268,4
RFMiD_test_269,4
RFMiD_test_27,5
RFMiD_test_270,4
RFMiD_test_271,4
RFMiD_test_272,5
RFMiD_test_273,3
RFMiD_test_274,3
RFMiD_test_275,1
RFMiD_test_276,4
RFMiD_test_277,4
RFMiD_test_278,5
RFMiD_test_279,4
RFMiD_test_28,2
RFMiD_test_280,4
RFMiD_test_281,5
RFMiD_test_282,4
RFMiD_test_283,4
RFMiD_test_284,3
RFMiD_test_285,3
RFMiD_test_286,2
RFMiD_test_287,3
RFMiD_test_288,3
RFMiD_test_289,2
RFMiD_test_29,2
RFMiD_test_290,4
RFMiD_test_291,3
RFMiD_test_292,3
RFMiD_test_293,3
RFMiD_test_294,3
RFMiD_test_295,4
RFMiD_test_296,3
RFMiD_test_297,3
RFMiD_test_298,4
RFMiD_test_299,4
RFMiD_test_3,4
RFMiD_test_30,3
RFMiD_test_300,3
RFMiD_test_301,3
RFMiD_test_302,2
RFMiD_test_303,1
RFMiD_test_304,3
RFMiD_test_305,5
RFMiD_test_306,4
RFMiD_test_307,4
RFMiD_test_308,4
RFMiD_test_309,1
RFMiD_test_31,1
RFMiD_test_310,1
RFMiD_test_311,3
RFMiD_test_312,3
RFMiD_test_313,4
RFMiD_test_314,1
RFMiD_test_315,2
RFMiD_test_316,2
RFMiD_test_317,2
RFMiD_test_318,2
RFMiD_test_319,1
RFMiD_test_32,4
RFMiD_test_320,3
RFMiD_test_321,3
RFMiD_test_322,4
RFMiD_test_323,3
RFMiD_test_324,3
RFMiD_test_325,4
RFMiD_test_326,4
RFMiD_test_327,4
RFMiD_test_328,3
RFMiD_test_329,3
RFMiD_test_33,4
RFMiD_test_330,3
RFMiD_test_331,3
RFMiD_test_332,3
RFMiD_test_333,3
RFMiD_test_334,4
RFMiD_test_335,4
RFMiD_test_336,2
RFMiD_test_337,2
RFMiD_test_338,2
RFMiD_test_339,4
RFMiD_test_34,3
RFMiD_test_340,4
RFMiD_test_341,5
RFMiD_test_342,5
RFMiD_test_343,3
RFMiD_test_344,2
RFMiD_test_345,2
RFMiD_test_346,2
RFMiD_test_347,2
RFMiD_test_348,3
RFMiD_test_349,3
RFMiD_test_35,2
RFMiD_test_350,4
RFMiD_test_351,4
RFMiD_test_352,3
RFMiD_test_353,2
RFMiD_test_354,2
RFMiD_test_355,3
RFMiD_test_356,3
RFMiD_test_357,3
RFMiD_test_358,3
RFMiD_test_359,3
RFMiD_test_36,3
RFMiD_test_360,3
RFMiD_test_361,3
RFMiD_test_362,3
RFMiD_test_363,3
RFMiD_test_364,3
RFMiD_test_365,2
RFMiD_test_366,2
RFMiD_test_367,4
RFMiD_test_368,4
RFMiD_test_369,2
RFMiD_test_37,3
RFMiD_test_370,1
RFMiD_test_371,1
RFMiD_test_372,3
RFMiD_test_373,3
RFMiD_test_374,3
RFMiD_test_375,4
RFMiD_test_376,4
RFMiD_test_377,5
RFMiD_test_378,2
RFMiD_test_379,3
RFMiD_test_38,2
RFMiD_test_380,2
RFMiD_test_381,2
RFMiD_test_382,2
RFMiD_test_383,3
RFMiD_test_384,3
RFMiD_test_385,2
RFMiD_test_386,2
RFMiD_test_387,1
RFMiD_test_388,3
RFMiD_test_389,5
RFMiD_test_39,5
RFMiD_test_390,2
RFMiD_test_391,2
RFMiD_test_392,1
RFMiD_test_393,2
RFMiD_test_394,3
RFMiD_test_395,4
RFMiD_test_396,3
RFMiD_test_397,3
RFMiD_test_398,5
RFMiD_test_399,5
RFMiD_test_4,4
RFMiD_test_40,4
RFMiD_test_400,3
RFMiD_test_401,3
RFMiD_test_402,2
RFMiD_test_403,2
RFMiD_test_404,4
RFMiD_test_405,4
RFMiD_test_406,2
RFMiD_test_407,2
RFMiD_test_408,3
RFMiD_test_409,3
RFMiD_test_41,3
RFMiD_test_410,3
RFMiD_test_411,4
RFMiD_test_412,4
RFMiD_test_413,2
RFMiD_test_414,2
RFMiD_test_415,3
RFMiD_test_416,3
RFMiD_test_417,3
RFMiD_test_418,3
RFMiD_test_419,3
RFMiD_test_42,3
RFMiD_test_420,3
RFMiD_test_421,3
RFMiD_test_422,3
RFMiD_test_423,4
RFMiD_test_424,3
RFMiD_test_425,2
RFMiD_test_426,2
RFMiD_test_427,4
RFMiD_test_428,3
RFMiD_test_429,3
RFMiD_test_43,2
RFMiD_test_430,2
RFMiD_test_431,2
RFMiD_test_432,2
RFMiD_test_433,2
RFMiD_test_434,3
RFMiD_test_435,4
RFMiD_test_436,4
RFMiD_test_437,4
RFMiD_test_438,4
RFMiD_test_439,3
RFMiD_test_44,3
RFMiD_test_440,4
RFMiD_test_441,5
RFMiD_test_442,5
RFMiD_test_443,1
RFMiD_test_444,2
RFMiD_test_445,4
RFMiD_test_446,3
RFMiD_test_447,4
RFMiD_test_448,4
RFMiD_test_449,2
RFMiD_test_45,2
RFMiD_test_450,3
RFMiD_test_451,4
RFMiD_test_452,3
RFMiD_test_453,4
RFMiD_test_454,3
RFMiD_test_455,3
RFMiD_test_456,4
RFMiD_test_457,3
RFMiD_test_458,3
RFMiD_test_459,4
RFMiD_test_46,3
RFMiD_test_460,4
RFMiD_test_461,4
RFMiD_test_462,4
RFMiD_test_463,5
RFMiD_test_464,4
RFMiD_test_465,4
RFMiD_test_466,3
RFMiD_test_467,4
RFMiD_test_468,4
RFMiD_test_469,4
RFMiD_test_47,5
RFMiD_test_470,5
RFMiD_test_471,5
RFMiD_test_472,3
RFMiD_test_473,4
RFMiD_test_474,5
RFMiD_test_475,3
RFMiD_test_476,5
RFMiD_test_477,4
RFMiD_test_478,3
RFMiD_test_479,3
RFMiD_test_48,3
RFMiD_test_480,3
RFMiD_test_481,3
RFMiD_test_482,4
RFMiD_test_483,3
RFMiD_test_484,2
RFMiD_test_485,2
RFMiD_test_486,2
RFMiD_test_487,2
RFMiD_test_488,4
RFMiD_test_489,4
RFMiD_test_49,5
RFMiD_test_490,4
RFMiD_test_491,5
RFMiD_test_492,2
RFMiD_test_493,1
RFMiD_test_494,5
RFMiD_test_495,5
RFMiD_test_496,2
RFMiD_test_497,3
RFMiD_test_498,3
RFMiD_test_499,4
RFMiD_test_5,4
RFMiD_test_50,3
RFMiD_test_500,2
RFMiD_test_501,4
RFMiD_test_502,4
RFMiD_test_503,4
RFMiD_test_504,4
RFMiD_test_505,2
RFMiD_test_506,4
RFMiD_test_507,4
RFMiD_test_508,3
RFMiD_test_509,2
RFMiD_test_51,3
RFMiD_test_510,3
RFMiD_test_511,1
RFMiD_test_512,4
RFMiD_test_513,4
RFMiD_test_514,4
RFMiD_test_515,4
RFMiD_test_516,3
RFMiD_test_517,5
RFMiD_test_518,1
RFMiD_test_519,5
RFMiD_test_52,3
RFMiD_test_520,4
RFMiD_test_521,5
RFMiD_test_522,4
RFMiD_test_523,4
RFMiD_test_524,5
RFMiD_test_525,5
RFMiD_test_526,5
RFMiD_test_527,4
RFMiD_test_528,4
RFMiD_test_529,4
RFMiD_test_53,3
RFMiD_test_530,4
RFMiD_test_531,4
RFMiD_test_532,4
RFMiD_test_533,4
RFMiD_test_534,3
RFMiD_test_535,4
RFMiD_test_536,4
RFMiD_test_537,3
RFMiD_test_538,5
RFMiD_test_539,2
RFMiD_test_54,5
RFMiD_test_540,3
RFMiD_test_541,3
RFMiD_test_542,1
RFMiD_test_543,4
RFMiD_test_544,4
RFMiD_test_545,2
RFMiD_test_546,5
RFMiD_test_547,5
RFMiD_test_548,5
RFMiD_test_549,3
RFMiD_test_55,2
RFMiD_test_550,4
RFMiD_test_551,4
RFMiD_test_552,5
RFMiD_test_553,3
RFMiD_test_554,4
RFMiD_test_555,5
RFMiD_test_556,4
RFMiD_test_557,4
RFMiD_test_558,4
RFMiD_test_559,4
RFMiD_test_56,3
RFMiD_test_560,4
RFMiD_test_561,4
RFMiD_test_562,5
RFMiD_test_563,5
RFMiD_test_564,5
RFMiD_test_565,5
RFMiD_test_566,5
RFMiD_test_567,5
RFMiD_test_568,5
RFMiD_test_569,5
RFMiD_test_57,4
RFMiD_test_570,5
RFMiD_test_571,5
RFMiD_test_572,5
RFMiD_test_573,5
RFMiD_test_574,5
RFMiD_test_575,5
RFMiD_test_576,5
RFMiD_test_577,5
RFMiD_test_578,5
RFMiD_test_579,5
RFMiD_test_58,3
RFMiD_test_580,5
RFMiD_test_581,5
RFMiD_test_582,5
RFMiD_test_583,5
RFMiD_test_584,4
RFMiD_test_585,5
RFMiD_test_586,5
RFMiD_test_587,5
RFMiD_test_588,5
RFMiD_test_589,5
RFMiD_test_59,5
RFMiD_test_590,5
RFMiD_test_591,5
RFMiD_test_592,5
RFMiD_test_593,5
RFMiD_test_594,5
RFMiD_test_595,1
RFMiD_test_596,1
RFMiD_test_597,1
RFMiD_test_598,1
RFMiD_test_599,3
RFMiD_test_6,4
RFMiD_test_60,4
RFMiD_test_600,3
RFMiD_test_601,3
RFMiD_test_602,4
RFMiD_test_603,3
RFMiD_test_604,3
RFMiD_test_605,3
RFMiD_test_606,2
RFMiD_test_607,3
RFMiD_test_608,2
RFMiD_test_609,3
RFMiD_test_61,5
RFMiD_test_610,1
RFMiD_test_611,2
RFMiD_test_612,3
RFMiD_test_613,5
RFMiD_test_614,5
RFMiD_test_615,5
RFMiD_test_616,5
RFMiD_test_617,5
RFMiD_test_618,3
RFMiD_test_619,5
RFMiD_test_62,2
RFMiD_test_620,5
RFMiD_test_621,5
RFMiD_test_622,5
RFMiD_test_623,4
RFMiD_test_624,4
RFMiD_test_625,4
RFMiD_test_626,4
RFMiD_test_627,4
RFMiD_test_628,5
RFMiD_test_629,5
RFMiD_test_63,4
RFMiD_test_630,2
RFMiD_test_631,3
RFMiD_test_632,2
RFMiD_test_633,1
RFMiD_test_634,3
RFMiD_test_635,3
RFMiD_test_636,3
RFMiD_test_637,3
RFMiD_test_638,4
RFMiD_test_639,4
RFMiD_test_64,5
RFMiD_test_640,3
RFMiD_test_65,4
RFMiD_test_66,2
RFMiD_test_67,3
RFMiD_test_68,2
RFMiD_test_69,2
RFMiD_test_7,3
RFMiD_test_70,2
RFMiD_test_71,4
RFMiD_test_72,5
RFMiD_test_73,2
RFMiD_test_74,2
RFMiD_test_75,2
RFMiD_test_76,2
RFMiD_test_77,5
RFMiD_test_78,4
RFMiD_test_79,2
RFMiD_test_8,3
RFMiD_test_80,2
RFMiD_test_81,2
RFMiD_test_82,4
RFMiD_test_83,3
RFMiD_test_84,2
RFMiD_test_85,2
RFMiD_test_86,4
RFMiD_test_87,2
RFMiD_test_88,4
RFMiD_test_89,2
RFMiD_test_9,2
RFMiD_test_90,2
RFMiD_test_91,3
RFMiD_test_92,4
RFMiD_test_93,3
RFMiD_test_94,3
RFMiD_test_95,1
RFMiD_test_96,2
RFMiD_test_97,2
RFMiD_test_98,2
RFMiD_test_99,1
RFMiD_train_1,2
RFMiD_train_10,5
RFMiD_train_100,3
RFMiD_train_1000,3
RFMiD_train_1001,3
RFMiD_train_1002,3
RFMiD_train_1003,3
RFMiD_train_1004,4
RFMiD_train_1005,4
RFMiD_train_1006,4
RFMiD_train_1007,4
RFMiD_train_1008,4
RFMiD_train_1009,4
RFMiD_train_101,4
RFMiD_train_1010,4
RFMiD_train_1011,1
RFMiD_train_1012,2
RFMiD_train_1013,1
RFMiD_train_1014,5
RFMiD_train_1015,5
RFMiD_train_1016,5
RFMiD_train_1017,4
RFMiD_train_1018,5
RFMiD_train_1019,1
RFMiD_train_102,4
RFMiD_train_1020,3
RFMiD_train_1021,2
RFMiD_train_1022,2
RFMiD_train_1023,3
RFMiD_train_1024,4
RFMiD_train_1025,4
RFMiD_train_1026,4
RFMiD_train_1027,3
RFMiD_train_1028,3
RFMiD_train_1029,3
RFMiD_train_103,2
RFMiD_train_1030,3
RFMiD_train_1031,4
RFMiD_train_1032,5
RFMiD_train_1033,3
RFMiD_train_1034,2
RFMiD_train_1035,5
RFMiD_train_1036,4
RFMiD_train_1037,4
RFMiD_train_1038,4
RFMiD_train_1039,4
RFMiD_train_104,4
RFMiD_train_1040,5
RFMiD_train_1041,5
RFMiD_train_1042,4
RFMiD_train_1043,3
RFMiD_train_1044,4
RFMiD_train_1045,4
RFMiD_train_1046,5
RFMiD_train_1047,5
RFMiD_train_1048,5
RFMiD_train_1049,5
RFMiD_train_105,5
RFMiD_train_1050,5
RFMiD_train_1051,4
RFMiD_train_1052,4
RFMiD_train_1053,4
RFMiD_train_1054,4
RFMiD_train_1055,3
RFMiD_train_1056,2
RFMiD_train_1057,1
RFMiD_train_1058,3
RFMiD_train_1059,5
RFMiD_train_106,4
RFMiD_train_1060,5
RFMiD_train_1061,5
RFMiD_train_1062,5
RFMiD_train_1063,5
RFMiD_train_1064,5
RFMiD_train_1065,5
RFMiD_train_1066,3
RFMiD_train_1067,2
RFMiD_train_1068,2
RFMiD_train_1069,3
RFMiD_train_107,2
RFMiD_train_1070,2
RFMiD_train_1071,4
RFMiD_train_1072,4
RFMiD_train_1073,4
RFMiD_train_1074,4
RFMiD_train_1075,4
RFMiD_train_1076,1
RFMiD_train_1077,4
RFMiD_train_1078,4
RFMiD_train_1079,3
RFMiD_train_108,3
RFMiD_train_1080,3
RFMiD_train_1081,4
RFMiD_train_1082,5
RFMiD_train_1083,5
RFMiD_train_1084,3
RFMiD_train_1085,5
RFMiD_train_1086,5
RFMiD_train_1087,5
RFMiD_train_1088,4
RFMiD_train_1089,3
RFMiD_train_109,4
RFMiD_train_1090,3
RFMiD_train_1091,3
RFMiD_train_1092,4
RFMiD_train_1093,4
RFMiD_train_1094,4
RFMiD_train_1095,3
RFMiD_train_1096,3
RFMiD_train_1097,3
RFMiD_train_1098,4
RFMiD_train_1099,5
RFMiD_train_11,1
RFMiD_train_110,3
RFMiD_train_1100,4
RFMiD_train_1101,4
RFMiD_train_1102,4
RFMiD_train_1103,4
RFMiD_train_1104,3
RFMiD_train_1105,4
RFMiD_train_1106,5
RFMiD_train_1107,5
RFMiD_train_1108,5
RFMiD_train_1109,5
RFMiD_train_111,4
RFMiD_train_1110,4
RFMiD_train_1111,3
RFMiD_train_1112,3
RFMiD_train_1113,5
RFMiD_train_1114,5
RFMiD_train_1115,4
RFMiD_train_1116,4
RFMiD_train_1117,4
RFMiD_train_1118,2
RFMiD_train_1119,3
RFMiD_train_112,4
RFMiD_train_1120,3
RFMiD_train_1121,4
RFMiD_train_1122,2
RFMiD_train_1123,2
RFMiD_train_1124,5
RFMiD_train_1125,5
RFMiD_train_1126,5
RFMiD_train_1127,5
RFMiD_train_1128,4
RFMiD_train_1129,3
RFMiD_train_113,2
RFMiD_train_1130,3
RFMiD_train_1131,1
RFMiD_train_1132,5
RFMiD_train_1133,5
RFMiD_train_1134,5
RFMiD_train_1135,4
RFMiD_train_1136,4
RFMiD_train_1137,4
RFMiD_train_1138,5
RFMiD_train_1139,5
RFMiD_train_114,3
RFMiD_train_1140,5
RFMiD_train_1141,4
RFMiD_train_1142,3
RFMiD_train_1143,5
RFMiD_train_1144,5
RFMiD_train_1145,5
RFMiD_train_1146,3
RFMiD_train_1147,5
RFMiD_train_1148,5
RFMiD_train_1149,3
RFMiD_train_115,5
RFMiD_train_1150,3
RFMiD_train_1151,5
RFMiD_train_1152,3
RFMiD_train_1153,3
RFMiD_train_1154,4
RFMiD_train_1155,4
RFMiD_train_1156,4
RFMiD_train_1157,4
RFMiD_train_1158,4
RFMiD_train_1159,3
RFMiD_train_116,3
RFMiD_train_1160,3
RFMiD_train_1161,4
RFMiD_train_1162,4
RFMiD_train_1163,3
RFMiD_train_1164,4
RFMiD_train_1165,3
RFMiD_train_1166,3
RFMiD_train_1167,4
RFMiD_train_1168,4
RFMiD_train_1169,4
RFMiD_train_117,4
RFMiD_train_1170,3
RFMiD_train_1171,3
RFMiD_train_1172,3
RFMiD_train_1173,3
RFMiD_train_1174,3
RFMiD_train_1175,4
RFMiD_train_1176,4
RFMiD_train_1177,3
RFMiD_train_1178,2
RFMiD_train_1179,2
RFMiD_train_118,5
RFMiD_train_1180,5
RFMiD_train_1181,5
RFMiD_train_1182,2
RFMiD_train_1183,2
RFMiD_train_1184,4
RFMiD_train_1185,4
RFMiD_train_1186,4
RFMiD_train_1187,5
RFMiD_train_1188,5
RFMiD_train_1189,5
RFMiD_train_119,5
RFMiD_train_1190,3
RFMiD_train_1191,3
RFMiD_train_1192,2
RFMiD_train_1193,4
RFMiD_train_1194,4
RFMiD_train_1195,4
RFMiD_train_1196,4
RFMiD_train_1197,3
RFMiD_train_1198,4
RFMiD_train_1199,3
RFMiD_train_12,3
RFMiD_train_120,4
RFMiD_train_1200,3
RFMiD_train_1201,4
RFMiD_train_1202,3
RFMiD_train_1203,4
RFMiD_train_1204,4
RFMiD_train_1205,3
RFMiD_train_1206,4
RFMiD_train_1207,4
RFMiD_train_1208,5
RFMiD_train_1209,5
RFMiD_train_121,3
RFMiD_train_1210,4
RFMiD_train_1211,2
RFMiD_train_1212,2
RFMiD_train_1213,3
RFMiD_train_1214,4
RFMiD_train_1215,2
RFMiD_train_1216,2
RFMiD_train_1217,2
RFMiD_train_1218,3
RFMiD_train_1219,4
RFMiD_train_122,4
RFMiD_train_1220,4
RFMiD_train_1221,2
RFMiD_train_1222,4
RFMiD_train_1223,3
RFMiD_train_1224,5
RFMiD_train_1225,5
RFMiD_train_1226,2
RFMiD_train_1227,3
RFMiD_train_1228,5
RFMiD_train_1229,5
RFMiD_train_123,4
RFMiD_train_1230,4
RFMiD_train_1231,4
RFMiD_train_1232,4
RFMiD_train_1233,2
RFMiD_train_1234,3
RFMiD_train_1235,1
RFMiD_train_1236,2
RFMiD_train_1237,5
RFMiD_train_1238,5
RFMiD_train_1239,5
RFMiD_train_124,4
RFMiD_train_1240,3
RFMiD_train_1241,4
RFMiD_train_1242,4
RFMiD_train_1243,4
RFMiD_train_1244,3
RFMiD_train_1245,4
RFMiD_train_1246,3
RFMiD_train_1247,3
RFMiD_train_1248,3
RFMiD_train_1249,2
RFMiD_train_125,3
RFMiD_train_1250,5
RFMiD_train_1251,4
RFMiD_train_1252,4
RFMiD_train_1253,5
RFMiD_train_1254,5
RFMiD_train_1255,5
RFMiD_train_1256,3
RFMiD_train_1257,3
RFMiD_train_1258,3
RFMiD_train_1259,3
RFMiD_train_126,3
RFMiD_train_1260,3
RFMiD_train_1261,3
RFMiD_train_1262,4
RFMiD_train_1263,5
RFMiD_train_1264,5
RFMiD_train_1265,5
RFMiD_train_1266,4
RFMiD_train_1267,4
RFMiD_train_1268,3
RFMiD_train_1269,3
RFMiD_train_127,4
RFMiD_train_1270,3
RFMiD_train_1271,3
RFMiD_train_1272,4
RFMiD_train_1273,4
RFMiD_train_1274,4
RFMiD_train_1275,4
RFMiD_train_1276,4
RFMiD_train_1277,4
RFMiD_train_1278,3
RFMiD_train_1279,3
RFMiD_train_128,2
RFMiD_train_1280,4
RFMiD_train_1281,5
RFMiD_train_1282,4
RFMiD_train_1283,4
RFMiD_train_1284,3
RFMiD_train_1285,1
RFMiD_train_1286,3
RFMiD_train_1287,3
RFMiD_train_1288,2
RFMiD_train_1289,4
RFMiD_train_129,3
RFMiD_train_1290,3
RFMiD_train_1291,4
RFMiD_train_1292,3
RFMiD_train_1293,3
RFMiD_train_1294,3
RFMiD_train_1295,5
RFMiD_train_1296,3
RFMiD_train_1297,4
RFMiD_train_1298,1
RFMiD_train_1299,2
RFMiD_train_13,4
RFMiD_train_130,3
RFMiD_train_1300,4
RFMiD_train_1301,4
RFMiD_train_1302,4
RFMiD_train_1303,4
RFMiD_train_1304,1
RFMiD_train_1305,4
RFMiD_train_1306,4
RFMiD_train_1307,4
RFMiD_train_1308,4
RFMiD_train_1309,3
RFMiD_train_131,3
RFMiD_train_1310,4
RFMiD_train_1311,4
RFMiD_train_1312,4
RFMiD_train_1313,4
RFMiD_train_1314,4
RFMiD_train_1315,4
RFMiD_train_1316,4
RFMiD_train_1317,3
RFMiD_train_1318,3
RFMiD_train_1319,4
RFMiD_train_132,3
RFMiD_train_1320,3
RFMiD_train_1321,3
RFMiD_train_1322,3
RFMiD_train_1323,3
RFMiD_train_1324,2
RFMiD_train_1325,2
RFMiD_train_1326,4
RFMiD_train_1327,3
RFMiD_train_1328,3
RFMiD_train_1329,4
RFMiD_train_133,3
RFMiD_train_1330,3
RFMiD_train_1331,3
RFMiD_train_1332,4
RFMiD_train_1333,4
RFMiD_train_1334,5
RFMiD_train_1335,3
RFMiD_train_1336,3
RFMiD_train_1337,5
RFMiD_train_1338,5
RFMiD_train_1339,5
RFMiD_train_134,3
RFMiD_train_1340,3
RFMiD_train_1341,4
RFMiD_train_1342,4
RFMiD_train_1343,5
RFMiD_train_1344,5
RFMiD_train_1345,3
RFMiD_train_1346,2
RFMiD_train_1347,2
RFMiD_train_1348,2
RFMiD_train_1349,3
RFMiD_train_135,3
RFMiD_train_1350,3
RFMiD_train_1351,3
RFMiD_train_1352,3
RFMiD_train_1353,1
RFMiD_train_1354,1
RFMiD_train_1355,2
RFMiD_train_1356,3
RFMiD_train_1357,4
RFMiD_train_1358,3
RFMiD_train_1359,3
RFMiD_train_136,3
RFMiD_train_1360,3
RFMiD_train_1361,3
RFMiD_train_1362,3
RFMiD_train_1363,3
RFMiD_train_1364,5
RFMiD_train_1365,5
RFMiD_train_1366,3
RFMiD_train_1367,3
RFMiD_train_1368,4
RFMiD_train_1369,5
RFMiD_train_137,3
RFMiD_train_1370,5
RFMiD_train_1371,4
RFMiD_train_1372,5
RFMiD_train_1373,3
RFMiD_train_1374,3
RFMiD_train_1375,3
RFMiD_train_1376,3
RFMiD_train_1377,4
RFMiD_train_1378,4
RFMiD_train_1379,4
RFMiD_train_138,5
RFMiD_train_1380,5
RFMiD_train_1381,5
RFMiD_train_1382,5
RFMiD_train_1383,4
RFMiD_train_1384,4
RFMiD_train_1385,2
RFMiD_train_1386,2
RFMiD_train_1387,2
RFMiD_train_1388,5
RFMiD_train_1389,4
RFMiD_train_139,3
RFMiD_train_1390,2
RFMiD_train_1391,3
RFMiD_train_1392,5
RFMiD_train_1393,4
RFMiD_train_1394,4
RFMiD_train_1395,4
RFMiD_train_1396,4
RFMiD_train_1397,4
RFMiD_train_1398,4
RFMiD_train_1399,4
RFMiD_train_14,4
RFMiD_train_140,3
RFMiD_train_1400,4
RFMiD_train_1401,4
RFMiD_train_1402,4
RFMiD_train_1403,3
RFMiD_train_1404,4
RFMiD_train_1405,4
RFMiD_train_1406,4
RFMiD_train_1407,5
RFMiD_train_1408,5
RFMiD_train_1409,5
RFMiD_train_141,5
RFMiD_train_1410,5
RFMiD_train_1411,5
RFMiD_train_1412,5
RFMiD_train_1413,4
RFMiD_train_1414,4
RFMiD_train_1415,4
RFMiD_train_1416,5
RFMiD_train_1417,4
RFMiD_train_1418,3
RFMiD_train_1419,4
RFMiD_train_142,4
RFMiD_train_1420,3
RFMiD_train_1421,3
RFMiD_train_1422,4
RFMiD_train_1423,4
RFMiD_train_1424,4
RFMiD_train_1425,4
RFMiD_train_1426,5
RFMiD_train_1427,5
RFMiD_train_1428,3
RFMiD_train_1429,3
RFMiD_train_143,4
RFMiD_train_1430,3
RFMiD_train_1431,2
RFMiD_train_1432,3
RFMiD_train_1433,4
RFMiD_train_1434,4
RFMiD_train_1435,5
RFMiD_train_1436,4
RFMiD_train_1437,4
RFMiD_train_1438,3
RFMiD_train_1439,2
RFMiD_train_144,3
RFMiD_train_1440,1
RFMiD_train_1441,3
RFMiD_train_1442,1
RFMiD_train_1443,2
RFMiD_train_1444,4
RFMiD_train_1445,5
RFMiD_train_1446,5
RFMiD_train_1447,3
RFMiD_train_1448,5
RFMiD_train_1449,4
RFMiD_train_145,3
RFMiD_train_1450,4
RFMiD_train_1451,4
RFMiD_train_1452,5
RFMiD_train_1453,3
RFMiD_train_1454,3
RFMiD_train_1455,3
RFMiD_train_1456,4
RFMiD_train_1457,4
RFMiD_train_1458,4
RFMiD_train_1459,4
RFMiD_train_146,2
RFMiD_train_1460,3
RFMiD_train_1461,3
RFMiD_train_1462,4
RFMiD_train_1463,3
RFMiD_train_1464,4
RFMiD_train_1465,4
RFMiD_train_1466,5
RFMiD_train_1467,4
RFMiD_train_1468,4
RFMiD_train_1469,4
RFMiD_train_147,5
RFMiD_train_1470,4
RFMiD_train_1471,3
RFMiD_train_1472,4
RFMiD_train_1473,2
RFMiD_train_1474,3
RFMiD_train_1475,3
RFMiD_train_1476,4
RFMiD_train_1477,4
RFMiD_train_1478,4
RFMiD_train_1479,3
RFMiD_train_148,4
RFMiD_train_1480,4
RFMiD_train_1481,4
RFMiD_train_1482,4
RFMiD_train_1483,4
RFMiD_train_1484,5
RFMiD_train_1485,5
RFMiD_train_1486,2
RFMiD_train_1487,3
RFMiD_train_1488,2
RFMiD_train_1489,4
RFMiD_train_149,2
RFMiD_train_1490,2
RFMiD_train_1491,3
RFMiD_train_1492,4
RFMiD_train_1493,4
RFMiD_train_1494,4
RFMiD_train_1495,4
RFMiD_train_1496,4
RFMiD_train_1497,2
RFMiD_train_1498,3
RFMiD_train_1499,3
RFMiD_train_15,2
RFMiD_train_150,1
RFMiD_train_1500,2
RFMiD_train_1501,2
RFMiD_train_1502,4
RFMiD_train_1503,4
RFMiD_train_1504,4
RFMiD_train_1505,4
RFMiD_train_1506,2
RFMiD_train_1507,1
RFMiD_train_1508,4
RFMiD_train_1509,3
RFMiD_train_151,3
RFMiD_train_1510,4
RFMiD_train_1511,4
RFMiD_train_1512,3
RFMiD_train_1513,4
RFMiD_train_1514,5
RFMiD_train_1515,5
RFMiD_train_1516,4
RFMiD_train_1517,3
RFMiD_train_1518,4
RFMiD_train_1519,4
RFMiD_train_152,3
RFMiD_train_1520,4
RFMiD_train_1521,3
RFMiD_train_1522,4
RFMiD_train_1523,4
RFMiD_train_1524,2
RFMiD_train_1525,4
RFMiD_train_1526,5
RFMiD_train_1527,3
RFMiD_train_1528,4
RFMiD_train_1529,4
RFMiD_train_153,4
RFMiD_train_1530,4
RFMiD_train_1531,3
RFMiD_train_1532,2
RFMiD_train_1533,4
RFMiD_train_1534,3
RFMiD_train_1535,5
RFMiD_train_1536,5
RFMiD_train_1537,5
RFMiD_train_1538,4
RFMiD_train_1539,4
RFMiD_train_154,3
RFMiD_train_1540,4
RFMiD_train_1541,5
RFMiD_train_1542,5
RFMiD_train_1543,5
RFMiD_train_1544,5
RFMiD_train_1545,1
RFMiD_train_1546,4
RFMiD_train_1547,2
RFMiD_train_1548,3
RFMiD_train_1549,3
RFMiD_train_155,5
RFMiD_train_1550,3
RFMiD_train_1551,3
RFMiD_train_1552,3
RFMiD_train_1553,4
RFMiD_train_1554,5
RFMiD_train_1555,4
RFMiD_train_1556,5
RFMiD_train_1557,5
RFMiD_train_1558,5
RFMiD_train_1559,5
RFMiD_train_156,5
RFMiD_train_1560,1
RFMiD_train_1561,3
RFMiD_train_1562,5
RFMiD_train_1563,5
RFMiD_train_1564,4
RFMiD_train_1565,3
RFMiD_train_1566,2
RFMiD_train_1567,4
RFMiD_train_1568,5
RFMiD_train_1569,4
RFMiD_train_157,3
RFMiD_train_1570,4
RFMiD_train_1571,4
RFMiD_train_1572,4
RFMiD_train_1573,4
RFMiD_train_1574,1
RFMiD_train_1575,1
RFMiD_train_1576,2
RFMiD_train_1577,2
RFMiD_train_1578,2
RFMiD_train_1579,4
RFMiD_train_158,3
RFMiD_train_1580,3
RFMiD_train_1581,4
RFMiD_train_1582,4
RFMiD_train_1583,3
RFMiD_train_1584,4
RFMiD_train_1585,4
RFMiD_train_1586,5
RFMiD_train_1587,4
RFMiD_train_1588,5
RFMiD_train_1589,3
RFMiD_train_159,5
RFMiD_train_1590,3
RFMiD_train_1591,3
RFMiD_train_1592,5
RFMiD_train_1593,4
RFMiD_train_1594,3
RFMiD_train_1595,1
RFMiD_train_1596,2
RFMiD_train_1597,4
RFMiD_train_1598,5
RFMiD_train_1599,4
RFMiD_train_16,4
RFMiD_train_160,4
RFMiD_train_1600,3
RFMiD_train_1601,5
RFMiD_train_1602,4
RFMiD_train_1603,3
RFMiD_train_1604,5
RFMiD_train_1605,5
RFMiD_train_1606,3
RFMiD_train_1607,2
RFMiD_train_1608,3
RFMiD_train_1609,2
RFMiD_train_161,3
RFMiD_train_1610,3
RFMiD_train_1611,3
RFMiD_train_1612,2
RFMiD_train_1613,1
RFMiD_train_1614,4
RFMiD_train_1615,2
RFMiD_train_1616,2
RFMiD_train_1617,2
RFMiD_train_1618,2
RFMiD_train_1619,3
RFMiD_train_162,4
RFMiD_train_1620,4
RFMiD_train_1621,2
RFMiD_train_1622,3
RFMiD_train_1623,3
RFMiD_train_1624,3
RFMiD_train_1625,2
RFMiD_train_1626,4
RFMiD_train_1627,5
RFMiD_train_1628,5
RFMiD_train_1629,5
RFMiD_train_163,1
RFMiD_train_1630,5
RFMiD_train_1631,5
RFMiD_train_1632,2
RFMiD_train_1633,3
RFMiD_train_1634,2
RFMiD_train_1635,2
RFMiD_train_1636,3
RFMiD_train_1637,4
RFMiD_train_1638,5
RFMiD_train_1639,5
RFMiD_train_164,1
RFMiD_train_1640,1
RFMiD_train_1641,1
RFMiD_train_1642,4
RFMiD_train_1643,4
RFMiD_train_1644,4
RFMiD_train_1645,5
RFMiD_train_1646,4
RFMiD_train_1647,5
RFMiD_train_1648,5
RFMiD_train_1649,5
RFMiD_train_165,3
RFMiD_train_1650,3
RFMiD_train_1651,2
RFMiD_train_1652,1
RFMiD_train_1653,1
RFMiD_train_1654,1
RFMiD_train_1655,2
RFMiD_train_1656,4
RFMiD_train_1657,3
RFMiD_train_1658,4
RFMiD_train_1659,5
RFMiD_train_166,3
RFMiD_train_1660,4
RFMiD_train_1661,4
RFMiD_train_1662,4
RFMiD_train_1663,5
RFMiD_train_1664,5
RFMiD_train_1665,5
RFMiD_train_1666,3
RFMiD_train_1667,4
RFMiD_train_1668,4
RFMiD_train_1669,2
RFMiD_train_167,3
RFMiD_train_1670,4
RFMiD_train_1671,4
RFMiD_train_1672,2
RFMiD_train_1673,3
RFMiD_train_1674,4
RFMiD_train_1675,4
RFMiD_train_1676,4
RFMiD_train_1677,1
RFMiD_train_1678,4
RFMiD_train_1679,4
RFMiD_train_168,4
RFMiD_train_1680,3
RFMiD_train_1681,3
RFMiD_train_1682,4
RFMiD_train_1683,2
RFMiD_train_1684,4
RFMiD_train_1685,5
RFMiD_train_1686,1
RFMiD_train_1687,4
RFMiD_train_1688,5
RFMiD_train_1689,5
RFMiD_train_169,2
RFMiD_train_1690,1
RFMiD_train_1691,5
RFMiD_train_1692,5
RFMiD_train_1693,4
RFMiD_train_1694,1
RFMiD_train_1695,3
RFMiD_train_1696,5
RFMiD_train_1697,5
RFMiD_train_1698,5
RFMiD_train_1699,4
RFMiD_train_17,3
RFMiD_train_170,3
RFMiD_train_1700,4
RFMiD_train_1701,5
RFMiD_train_1702,4
RFMiD_train_1703,4
RFMiD_train_1704,4
RFMiD_train_1705,5
RFMiD_train_1706,5
RFMiD_train_1707,5
RFMiD_train_1708,2
RFMiD_train_1709,4
RFMiD_train_171,5
RFMiD_train_1710,3
RFMiD_train_1711,3
RFMiD_train_1712,4
RFMiD_train_1713,3
RFMiD_train_1714,4
RFMiD_train_1715,5
RFMiD_train_1716,5
RFMiD_train_1717,4
RFMiD_train_1718,2
RFMiD_train_1719,4
RFMiD_train_172,5
RFMiD_train_1720,2
RFMiD_train_1721,2
RFMiD_train_1722,2
RFMiD_train_1723,2
RFMiD_train_1724,2
RFMiD_train_1725,2
RFMiD_train_1726,2
RFMiD_train_1727,5
RFMiD_train_1728,4
RFMiD_train_1729,4
RFMiD_train_173,5
RFMiD_train_1730,5
RFMiD_train_1731,5
RFMiD_train_1732,3
RFMiD_train_1733,3
RFMiD_train_1734,4
RFMiD_train_1735,4
RFMiD_train_1736,3
RFMiD_train_1737,3
RFMiD_train_1738,4
RFMiD_train_1739,4
RFMiD_train_174,5
RFMiD_train_1740,5
RFMiD_train_1741,4
RFMiD_train_1742,5
RFMiD_train_1743,5
RFMiD_train_1744,5
RFMiD_train_1745,5
RFMiD_train_1746,5
RFMiD_train_1747,5
RFMiD_train_1748,5
RFMiD_train_1749,1
RFMiD_train_175,3
RFMiD_train_1750,4
RFMiD_train_1751,5
RFMiD_train_1752,5
RFMiD_train_1753,3
RFMiD_train_1754,3
RFMiD_train_1755,4
RFMiD_train_1756,5
RFMiD_train_1757,4
RFMiD_train_1758,5
RFMiD_train_1759,5
RFMiD_train_176,1
RFMiD_train_1760,5
RFMiD_train_1761,5
RFMiD_train_1762,2
RFMiD_train_1763,3
RFMiD_train_1764,4
RFMiD_train_1765,4
RFMiD_train_1766,5
RFMiD_train_1767,5
RFMiD_train_1768,5
RFMiD_train_1769,4
RFMiD_train_177,3
RFMiD_train_1770,2
RFMiD_train_1771,4
RFMiD_train_1772,4
RFMiD_train_1773,5
RFMiD_train_1774,5
RFMiD_train_1775,5
RFMiD_train_1776,5
RFMiD_train_1777,5
RFMiD_train_1778,4
RFMiD_train_1779,5
RFMiD_train_178,4
RFMiD_train_1780,5
RFMiD_train_1781,3
RFMiD_train_1782,4
RFMiD_train_1783,4
RFMiD_train_1784,5
RFMiD_train_1785,5
RFMiD_train_1786,4
RFMiD_train_1787,5
RFMiD_train_1788,5
RFMiD_train_1789,4
RFMiD_train_179,4
RFMiD_train_1790,5
RFMiD_train_1791,5
RFMiD_train_1792,5
RFMiD_train_1793,3
RFMiD_train_1794,3
RFMiD_train_1795,4
RFMiD_train_1796,4
RFMiD_train_1797,5
RFMiD_train_1798,4
RFMiD_train_1799,2
RFMiD_train_18,2
RFMiD_train_180,3
RFMiD_train_1800,4
RFMiD_train_1801,5
RFMiD_train_1802,4
RFMiD_train_1803,5
RFMiD_train_1804,5
RFMiD_train_1805,4
RFMiD_train_1806,3
RFMiD_train_1807,3
RFMiD_train_1808,4
RFMiD_train_1809,5
RFMiD_train_181,3
RFMiD_train_1810,4
RFMiD_train_1811,5
RFMiD_train_1812,5
RFMiD_train_1813,4
RFMiD_train_1814,4
RFMiD_train_1815,4
RFMiD_train_1816,5
RFMiD_train_1817,5
RFMiD_train_1818,5
RFMiD_train_1819,5
RFMiD_train_182,4
RFMiD_train_1820,5
RFMiD_train_1821,5
RFMiD_train_1822,4
RFMiD_train_1823,3
RFMiD_train_1824,4
RFMiD_train_1825,4
RFMiD_train_1826,3
RFMiD_train_1827,4
RFMiD_train_1828,5
RFMiD_train_1829,5
RFMiD_train_183,2
RFMiD_train_1830,4
RFMiD_train_1831,2
RFMiD_train_1832,4
RFMiD_train_1833,4
RFMiD_train_1834,4
RFMiD_train_1835,3
RFMiD_train_1836,4
RFMiD_train_1837,4
RFMiD_train_1838,4
RFMiD_train_1839,5
RFMiD_train_184,2
RFMiD_train_1840,4
RFMiD_train_1841,4
RFMiD_train_1842,4
RFMiD_train_1843,3
RFMiD_train_1844,3
RFMiD_train_1845,3
RFMiD_train_1846,3
RFMiD_train_1847,3
RFMiD_train_1848,4
RFMiD_train_1849,4
RFMiD_train_185,3
RFMiD_train_1850,4
RFMiD_train_1851,3
RFMiD_train_1852,3
RFMiD_train_1853,5
RFMiD_train_1854,5
RFMiD_train_1855,5
RFMiD_train_1856,5
RFMiD_train_1857,4
RFMiD_train_1858,5
RFMiD_train_1859,3
RFMiD_train_186,2
RFMiD_train_1860,3
RFMiD_train_1861,4
RFMiD_train_1862,5
RFMiD_train_1863,5
RFMiD_train_1864,4
RFMiD_train_1865,4
RFMiD_train_1866,3
RFMiD_train_1867,3
RFMiD_train_1868,4
RFMiD_train_1869,4
RFMiD_train_187,3
RFMiD_train_1870,3
RFMiD_train_1871,2
RFMiD_train_1872,4
RFMiD_train_1873,4
RFMiD_train_1874,4
RFMiD_train_1875,4
RFMiD_train_1876,4
RFMiD_train_1877,4
RFMiD_train_1878,4
RFMiD_train_1879,4
RFMiD_train_188,4
RFMiD_train_1880,4
RFMiD_train_1881,4
RFMiD_train_1882,4
RFMiD_train_1883,5
RFMiD_train_1884,4
RFMiD_train_1885,5
RFMiD_train_1886,3
RFMiD_train_1887,4
RFMiD_train_1888,3
RFMiD_train_1889,3
RFMiD_train_189,3
RFMiD_train_1890,4
RFMiD_train_1891,3
RFMiD_train_1892,3
RFMiD_train_1893,3
RFMiD_train_1894,3
RFMiD_train_1895,3
RFMiD_train_1896,3
RFMiD_train_1897,3
RFMiD_train_1898,3
RFMiD_train_1899,3
RFMiD_train_19,4
RFMiD_train_190,4
RFMiD_train_1900,4
RFMiD_train_1901,4
RFMiD_train_1902,2
RFMiD_train_1903,2
RFMiD_train_1904,3
RFMiD_train_1905,4
RFMiD_train_1906,3
RFMiD_train_1907,3
RFMiD_train_1908,3
RFMiD_train_1909,4
RFMiD_train_191,4
RFMiD_train_1910,4
RFMiD_train_1911,5
RFMiD_train_1912,5
RFMiD_train_1913,3
RFMiD_train_1914,2
RFMiD_train_1915,2
RFMiD_train_1916,1
RFMiD_train_1917,5
RFMiD_train_1918,4
RFMiD_train_1919,2
RFMiD_train_192,2
RFMiD_train_1920,3
RFMiD_train_193,4
RFMiD_train_194,2
RFMiD_train_195,2
RFMiD_train_196,2
RFMiD_train_197,2
RFMiD_train_198,2
RFMiD_train_199,3
RFMiD_train_2,3
RFMiD_train_20,3
RFMiD_train_200,3
RFMiD_train_201,3
RFMiD_train_202,3
RFMiD_train_203,4
RFMiD_train_204,4
RFMiD_train_205,2
RFMiD_train_206,5
RFMiD_train_207,4
RFMiD_train_208,3
RFMiD_train_209,4
RFMiD_train_21,5
RFMiD_train_210,4
RFMiD_train_211,5
RFMiD_train_212,2
RFMiD_train_213,2
RFMiD_train_214,4
RFMiD_train_215,5
RFMiD_train_216,5
RFMiD_train_217,4
RFMiD_train_218,5
RFMiD_train_219,4
RFMiD_train_22,2
RFMiD_train_220,4
RFMiD_train_221,5
RFMiD_train_222,5
RFMiD_train_223,5
RFMiD_train_224,3
RFMiD_train_225,3
RFMiD_train_226,3
RFMiD_train_227,3
RFMiD_train_228,3
RFMiD_train_229,4
RFMiD_train_23,4
RFMiD_train_230,4
RFMiD_train_231,3
RFMiD_train_232,3
RFMiD_train_233,2
RFMiD_train_234,2
RFMiD_train_235,3
RFMiD_train_236,3
RFMiD_train_237,3
RFMiD_train_238,4
RFMiD_train_239,5
RFMiD_train_24,2
RFMiD_train_240,3
RFMiD_train_241,3
RFMiD_train_242,3
RFMiD_train_243,3
RFMiD_train_244,2
RFMiD_train_245,4
RFMiD_train_246,4
RFMiD_train_247,1
RFMiD_train_248,4
RFMiD_train_249,4
RFMiD_train_25,3
RFMiD_train_250,2
RFMiD_train_251,2
RFMiD_train_252,4
RFMiD_train_253,5
RFMiD_train_254,3
RFMiD_train_255,4
RFMiD_train_256,4
RFMiD_train_257,4
RFMiD_train_258,5
RFMiD_train_259,4
RFMiD_train_26,4
RFMiD_train_260,4
RFMiD_train_261,4
RFMiD_train_262,5
RFMiD_train_263,5
RFMiD_train_264,4
RFMiD_train_265,3
RFMiD_train_266,3
RFMiD_train_267,3
RFMiD_train_268,3
RFMiD_train_269,3
RFMiD_train_27,3
RFMiD_train_270,4
RFMiD_train_271,5
RFMiD_train_272,3
RFMiD_train_273,4
RFMiD_train_274,5
RFMiD_train_275,3
RFMiD_train_276,4
RFMiD_train_277,3
RFMiD_train_278,2
RFMiD_train_279,2
RFMiD_train_28,3
RFMiD_train_280,4
RFMiD_train_281,5
RFMiD_train_282,5
RFMiD_train_283,3
RFMiD_train_284,4
RFMiD_train_285,2
RFMiD_train_286,3
RFMiD_train_287,2
RFMiD_train_288,4
RFMiD_train_289,5
RFMiD_train_29,3
RFMiD_train_290,4
RFMiD_train_291,4
RFMiD_train_292,4
RFMiD_train_293,5
RFMiD_train_294,2
RFMiD_train_295,4
RFMiD_train_296,4
RFMiD_train_297,4
RFMiD_train_298,4
RFMiD_train_299,4
RFMiD_train_3,4
RFMiD_train_30,3
RFMiD_train_300,3
RFMiD_train_301,3
RFMiD_train_302,3
RFMiD_train_303,3
RFMiD_train_304,2
RFMiD_train_305,2
RFMiD_train_306,3
RFMiD_train_307,2
RFMiD_train_308,3
RFMiD_train_309,4
RFMiD_train_31,4
RFMiD_train_310,5
RFMiD_train_311,4
RFMiD_train_312,5
RFMiD_train_313,5
RFMiD_train_314,4
RFMiD_train_315,4
RFMiD_train_316,3
RFMiD_train_317,4
RFMiD_train_318,3
RFMiD_train_319,3
RFMiD_train_32,4
RFMiD_train_320,3
RFMiD_train_321,3
RFMiD_train_322,2
RFMiD_train_323,1
RFMiD_train_324,4
RFMiD_train_325,4
RFMiD_train_326,4
RFMiD_train_327,5
RFMiD_train_328,4
RFMiD_train_329,3
RFMiD_train_33,4
RFMiD_train_330,2
RFMiD_train_331,2
RFMiD_train_332,4
RFMiD_train_333,5
RFMiD_train_334,5
RFMiD_train_335,3
RFMiD_train_336,4
RFMiD_train_337,4
RFMiD_train_338,4
RFMiD_train_339,5
RFMiD_train_34,2
RFMiD_train_340,1
RFMiD_train_341,2
RFMiD_train_342,2
RFMiD_train_343,2
RFMiD_train_344,5
RFMiD_train_345,5
RFMiD_train_346,4
RFMiD_train_347,4
RFMiD_train_348,5
RFMiD_train_349,5
RFMiD_train_35,3
RFMiD_train_350,3
RFMiD_train_351,3
RFMiD_train_352,4
RFMiD_train_353,4
RFMiD_train_354,1
RFMiD_train_355,1
RFMiD_train_356,4
RFMiD_train_357,4
RFMiD_train_358,4
RFMiD_train_359,5
RFMiD_train_36,4
RFMiD_train_360,5
RFMiD_train_361,3
RFMiD_train_362,3
RFMiD_train_363,4
RFMiD_train_364,4
RFMiD_train_365,5
RFMiD_train_366,5
RFMiD_train_367,4
RFMiD_train_368,3
RFMiD_train_369,3
RFMiD_train_37,3
RFMiD_train_370,2
RFMiD_train_371,2
RFMiD_train_372,2
RFMiD_train_373,4
RFMiD_train_374,4
RFMiD_train_375,5
RFMiD_train_376,4
RFMiD_train_377,5
RFMiD_train_378,5
RFMiD_train_379,4
RFMiD_train_38,4
RFMiD_train_380,3
RFMiD_train_381,3
RFMiD_train_382,4
RFMiD_train_383,4
RFMiD_train_384,2
RFMiD_train_385,3
RFMiD_train_386,1
RFMiD_train_387,5
RFMiD_train_388,5
RFMiD_train_389,2
RFMiD_train_39,4
RFMiD_train_390,4
RFMiD_train_391,2
RFMiD_train_392,3
RFMiD_train_393,3
RFMiD_train_394,2
RFMiD_train_395,4
RFMiD_train_396,3
RFMiD_train_397,3
RFMiD_train_398,2
RFMiD_train_399,2
RFMiD_train_4,1
RFMiD_train_40,3
RFMiD_train_400,4
RFMiD_train_401,3
RFMiD_train_402,5
RFMiD_train_403,4
RFMiD_train_404,2
RFMiD_train_405,3
RFMiD_train_406,5
RFMiD_train_407,5
RFMiD_train_408,5
RFMiD_train_409,5
RFMiD_train_41,3
RFMiD_train_410,4
RFMiD_train_411,2
RFMiD_train_412,4
RFMiD_train_413,2
RFMiD_train_414,3
RFMiD_train_415,1
RFMiD_train_416,1
RFMiD_train_417,1
RFMiD_train_418,1
RFMiD_train_419,1
RFMiD_train_42,3
RFMiD_train_420,5
RFMiD_train_421,5
RFMiD_train_422,1
RFMiD_train_423,5
RFMiD_train_424,5
RFMiD_train_425,4
RFMiD_train_426,3
RFMiD_train_427,2
RFMiD_train_428,1
RFMiD_train_429,4
RFMiD_train_43,4
RFMiD_train_430,5
RFMiD_train_431,5
RFMiD_train_432,3
RFMiD_train_433,3
RFMiD_train_434,4
RFMiD_train_435,5
RFMiD_train_436,2
RFMiD_train_437,3
RFMiD_train_438,4
RFMiD_train_439,3
RFMiD_train_44,4
RFMiD_train_440,3
RFMiD_train_441,3
RFMiD_train_442,4
RFMiD_train_443,5
RFMiD_train_444,3
RFMiD_train_445,3
RFMiD_train_446,3
RFMiD_train_447,4
RFMiD_train_448,4
RFMiD_train_449,5
RFMiD_train_45,2
RFMiD_train_450,3
RFMiD_train_451,3
RFMiD_train_452,3
RFMiD_train_453,2
RFMiD_train_454,4
RFMiD_train_455,4
RFMiD_train_456,3
RFMiD_train_457,3
RFMiD_train_458,4
RFMiD_train_459,4
RFMiD_train_46,2
RFMiD_train_460,3
RFMiD_train_461,4
RFMiD_train_462,5
RFMiD_train_463,5
RFMiD_train_464,2
RFMiD_train_465,4
RFMiD_train_466,4
RFMiD_train_467,3
RFMiD_train_468,4
RFMiD_train_469,5
RFMiD_train_47,3
RFMiD_train_470,5
RFMiD_train_471,5
RFMiD_train_472,3
RFMiD_train_473,2
RFMiD_train_474,1
RFMiD_train_475,3
RFMiD_train_476,2
RFMiD_train_477,2
RFMiD_train_478,4
RFMiD_train_479,4
RFMiD_train_48,3
RFMiD_train_480,2
RFMiD_train_481,2
RFMiD_train_482,4
RFMiD_train_483,3
RFMiD_train_484,2
RFMiD_train_485,2
RFMiD_train_486,3
RFMiD_train_487,3
RFMiD_train_488,2
RFMiD_train_489,4
RFMiD_train_49,4
RFMiD_train_490,4
RFMiD_train_491,3
RFMiD_train_492,3
RFMiD_train_493,4
RFMiD_train_494,2
RFMiD_train_495,2
RFMiD_train_496,4
RFMiD_train_497,4
RFMiD_train_498,3
RFMiD_train_499,3
RFMiD_train_5,3
RFMiD_train_50,4
RFMiD_train_500,4
RFMiD_train_501,2
RFMiD_train_502,2
RFMiD_train_503,3
RFMiD_train_504,5
RFMiD_train_505,3
RFMiD_train_506,2
RFMiD_train_507,1
RFMiD_train_508,3
RFMiD_train_509,5
RFMiD_train_51,4
RFMiD_train_510,2
RFMiD_train_511,2
RFMiD_train_512,1
RFMiD_train_513,3
RFMiD_train_514,3
RFMiD_train_515,3
RFMiD_train_516,4
RFMiD_train_517,5
RFMiD_train_518,5
RFMiD_train_519,5
RFMiD_train_52,3
RFMiD_train_520,5
RFMiD_train_521,5
RFMiD_train_522,2
RFMiD_train_523,3
RFMiD_train_524,5
RFMiD_train_525,5
RFMiD_train_526,5
RFMiD_train_527,4
RFMiD_train_528,1
RFMiD_train_529,3
RFMiD_train_53,5
RFMiD_train_530,5
RFMiD_train_531,3
RFMiD_train_532,4
RFMiD_train_533,3
RFMiD_train_534,2
RFMiD_train_535,1
RFMiD_train_536,5
RFMiD_train_537,5
RFMiD_train_538,4
RFMiD_train_539,5
RFMiD_train_54,5
RFMiD_train_540,5
RFMiD_train_541,5
RFMiD_train_542,3
RFMiD_train_543,5
RFMiD_train_544,3
RFMiD_train_545,3
RFMiD_train_546,3
RFMiD_train_547,4
RFMiD_train_548,4
RFMiD_train_549,3
RFMiD_train_55,5
RFMiD_train_550,3
RFMiD_train_551,3
RFMiD_train_552,3
RFMiD_train_553,5
RFMiD_train_554,5
RFMiD_train_555,5
RFMiD_train_556,3
RFMiD_train_557,3
RFMiD_train_558,5
RFMiD_train_559,5
RFMiD_train_56,5
RFMiD_train_560,3
RFMiD_train_561,3
RFMiD_train_562,3
RFMiD_train_563,4
RFMiD_train_564,2
RFMiD_train_565,3
RFMiD_train_566,3
RFMiD_train_567,2
RFMiD_train_568,2
RFMiD_train_569,4
RFMiD_train_57,5
RFMiD_train_570,3
RFMiD_train_571,2
RFMiD_train_572,2
RFMiD_train_573,3
RFMiD_train_574,3
RFMiD_train_575,4
RFMiD_train_576,4
RFMiD_train_577,4
RFMiD_train_578,4
RFMiD_train_579,4
RFMiD_train_58,5
RFMiD_train_580,5
RFMiD_train_581,4
RFMiD_train_582,3
RFMiD_train_583,3
RFMiD_train_584,3
RFMiD_train_585,3
RFMiD_train_586,4
RFMiD_train_587,4
RFMiD_train_588,5
RFMiD_train_589,1
RFMiD_train_59,4
RFMiD_train_590,4
RFMiD_train_591,5
RFMiD_train_592,4
RFMiD_train_593,3
RFMiD_train_594,4
RFMiD_train_595,3
RFMiD_train_596,3
RFMiD_train_597,2
RFMiD_train_598,2
RFMiD_train_599,3
RFMiD_train_6,3
RFMiD_train_60,5
RFMiD_train_600,2
RFMiD_train_601,5
RFMiD_train_602,5
RFMiD_train_603,2
RFMiD_train_604,2
RFMiD_train_605,5
RFMiD_train_606,5
RFMiD_train_607,2
RFMiD_train_608,2
RFMiD_train_609,4
RFMiD_train_61,5
RFMiD_train_610,4
RFMiD_train_611,5
RFMiD_train_612,4
RFMiD_train_613,3
RFMiD_train_614,3
RFMiD_train_615,3
RFMiD_train_616,3
RFMiD_train_617,5
RFMiD_train_618,4
RFMiD_train_619,4
RFMiD_train_62,4
RFMiD_train_620,4
RFMiD_train_621,3
RFMiD_train_622,3
RFMiD_train_623,4
RFMiD_train_624,3
RFMiD_train_625,3
RFMiD_train_626,4
RFMiD_train_627,4
RFMiD_train_628,3
RFMiD_train_629,1
RFMiD_train_63,2
RFMiD_train_630,4
RFMiD_train_631,3
RFMiD_train_632,3
RFMiD_train_633,3
RFMiD_train_634,3
RFMiD_train_635,3
RFMiD_train_636,3
RFMiD_train_637,3
RFMiD_train_638,3
RFMiD_train_639,3
RFMiD_train_64,4
RFMiD_train_640,3
RFMiD_train_641,3
RFMiD_train_642,4
RFMiD_train_643,5
RFMiD_train_644,3
RFMiD_train_645,3
RFMiD_train_646,3
RFMiD_train_647,3
RFMiD_train_648,3
RFMiD_train_649,4
RFMiD_train_65,4
RFMiD_train_650,5
RFMiD_train_651,5
RFMiD_train_652,4
RFMiD_train_653,4
RFMiD_train_654,5
RFMiD_train_655,5
RFMiD_train_656,3
RFMiD_train_657,2
RFMiD_train_658,4
RFMiD_train_659,4
RFMiD_train_66,4
RFMiD_train_660,5
RFMiD_train_661,3
RFMiD_train_662,2
RFMiD_train_663,2
RFMiD_train_664,3
RFMiD_train_665,4
RFMiD_train_666,4
RFMiD_train_667,3
RFMiD_train_668,3
RFMiD_train_669,3
RFMiD_train_67,4
RFMiD_train_670,3
RFMiD_train_671,3
RFMiD_train_672,2
RFMiD_train_673,3
RFMiD_train_674,4
RFMiD_train_675,3
RFMiD_train_676,4
RFMiD_train_677,4
RFMiD_train_678,3
RFMiD_train_679,2
RFMiD_train_68,4
RFMiD_train_680,5
RFMiD_train_681,4
RFMiD_train_682,3
RFMiD_train_683,3
RFMiD_train_684,4
RFMiD_train_685,2
RFMiD_train_686,3
RFMiD_train_687,3
RFMiD_train_688,3
RFMiD_train_689,4
RFMiD_train_69,4
RFMiD_train_690,3
RFMiD_train_691,2
RFMiD_train_692,3
RFMiD_train_693,3
RFMiD_train_694,3
RFMiD_train_695,3
RFMiD_train_696,2
RFMiD_train_697,2
RFMiD_train_698,4
RFMiD_train_699,4
RFMiD_train_7,3
RFMiD_train_70,5
RFMiD_train_700,3
RFMiD_train_701,4
RFMiD_train_702,4
RFMiD_train_703,4
RFMiD_train_704,4
RFMiD_train_705,4
RFMiD_train_706,4
RFMiD_train_707,3
RFMiD_train_708,3
RFMiD_train_709,1
RFMiD_train_71,5
RFMiD_train_710,2
RFMiD_train_711,2
RFMiD_train_712,3
RFMiD_train_713,3
RFMiD_train_714,3
RFMiD_train_715,4
RFMiD_train_716,4
RFMiD_train_717,4
RFMiD_train_718,3
RFMiD_train_719,3
RFMiD_train_72,2
RFMiD_train_720,3
RFMiD_train_721,2
RFMiD_train_722,1
RFMiD_train_723,3
RFMiD_train_724,3
RFMiD_train_725,3
RFMiD_train_726,3
RFMiD_train_727,3
RFMiD_train_728,3
RFMiD_train_729,3
RFMiD_train_73,2
RFMiD_train_730,5
RFMiD_train_731,4
RFMiD_train_732,5
RFMiD_train_733,5
RFMiD_train_734,4
RFMiD_train_735,4
RFMiD_train_736,4
RFMiD_train_737,4
RFMiD_train_738,5
RFMiD_train_739,2
RFMiD_train_74,3
RFMiD_train_740,3
RFMiD_train_741,3
RFMiD_train_742,2
RFMiD_train_743,2
RFMiD_train_744,2
RFMiD_train_745,2
RFMiD_train_746,1
RFMiD_train_747,1
RFMiD_train_748,3
RFMiD_train_749,2
RFMiD_train_75,3
RFMiD_train_750,3
RFMiD_train_751,3
RFMiD_train_752,3
RFMiD_train_753,4
RFMiD_train_754,4
RFMiD_train_755,4
RFMiD_train_756,3
RFMiD_train_757,5
RFMiD_train_758,4
RFMiD_train_759,4
RFMiD_train_76,2
RFMiD_train_760,2
RFMiD_train_761,2
RFMiD_train_762,2
RFMiD_train_763,2
RFMiD_train_764,4
RFMiD_train_765,4
RFMiD_train_766,4
RFMiD_train_767,3
RFMiD_train_768,4
RFMiD_train_769,4
RFMiD_train_77,2
RFMiD_train_770,3
RFMiD_train_771,2
RFMiD_train_772,3
RFMiD_train_773,3
RFMiD_train_774,2
RFMiD_train_775,3
RFMiD_train_776,4
RFMiD_train_777,3
RFMiD_train_778,3
RFMiD_train_779,2
RFMiD_train_78,2
RFMiD_train_780,1
RFMiD_train_781,3
RFMiD_train_782,4
RFMiD_train_783,4
RFMiD_train_784,2
RFMiD_train_785,2
RFMiD_train_786,3
RFMiD_train_787,3
RFMiD_train_788,2
RFMiD_train_789,1
RFMiD_train_79,3
RFMiD_train_790,1
RFMiD_train_791,1
RFMiD_train_792,3
RFMiD_train_793,3
RFMiD_train_794,4
RFMiD_train_795,5
RFMiD_train_796,4
RFMiD_train_797,5
RFMiD_train_798,4
RFMiD_train_799,3
RFMiD_train_8,3
RFMiD_train_80,3
RFMiD_train_800,3
RFMiD_train_801,4
RFMiD_train_802,4
RFMiD_train_803,5
RFMiD_train_804,3
RFMiD_train_805,4
RFMiD_train_806,4
RFMiD_train_807,5
RFMiD_train_808,5
RFMiD_train_809,5
RFMiD_train_81,3
RFMiD_train_810,3
RFMiD_train_811,3
RFMiD_train_812,5
RFMiD_train_813,5
RFMiD_train_814,5
RFMiD_train_815,5
RFMiD_train_816,3
RFMiD_train_817,3
RFMiD_train_818,4
RFMiD_train_819,4
RFMiD_train_82,5
RFMiD_train_820,5
RFMiD_train_821,3
RFMiD_train_822,2
RFMiD_train_823,3
RFMiD_train_824,2
RFMiD_train_825,2
RFMiD_train_826,3
RFMiD_train_827,3
RFMiD_train_828,2
RFMiD_train_829,2
RFMiD_train_83,5
RFMiD_train_830,5
RFMiD_train_831,5
RFMiD_train_832,4
RFMiD_train_833,4
RFMiD_train_834,4
RFMiD_train_835,5
RFMiD_train_836,5
RFMiD_train_837,1
RFMiD_train_838,3
RFMiD_train_839,3
RFMiD_train_84,4
RFMiD_train_840,4
RFMiD_train_841,4
RFMiD_train_842,5
RFMiD_train_843,4
RFMiD_train_844,2
RFMiD_train_845,1
RFMiD_train_846,1
RFMiD_train_847,4
RFMiD_train_848,4
RFMiD_train_849,1
RFMiD_train_85,3
RFMiD_train_850,4
RFMiD_train_851,4
RFMiD_train_852,3
RFMiD_train_853,4
RFMiD_train_854,4
RFMiD_train_855,4
RFMiD_train_856,4
RFMiD_train_857,3
RFMiD_train_858,3
RFMiD_train_859,4
RFMiD_train_86,4
RFMiD_train_860,5
RFMiD_train_861,3
RFMiD_train_862,3
RFMiD_train_863,4
RFMiD_train_864,4
RFMiD_train_865,4
RFMiD_train_866,3
RFMiD_train_867,3
RFMiD_train_868,4
RFMiD_train_869,5
RFMiD_train_87,4
RFMiD_train_870,5
RFMiD_train_871,5
RFMiD_train_872,5
RFMiD_train_873,1
RFMiD_train_874,1
RFMiD_train_875,2
RFMiD_train_876,2
RFMiD_train_877,2
RFMiD_train_878,3
RFMiD_train_879,4
RFMiD_train_88,4
RFMiD_train_880,3
RFMiD_train_881,3
RFMiD_train_882,5
RFMiD_train_883,5
RFMiD_train_884,5
RFMiD_train_885,5
RFMiD_train_886,4
RFMiD_train_887,1
RFMiD_train_888,1
RFMiD_train_889,1
RFMiD_train_89,4
RFMiD_train_890,3
RFMiD_train_891,2
RFMiD_train_892,4
RFMiD_train_893,4
RFMiD_train_894,5
RFMiD_train_895,5
RFMiD_train_896,5
RFMiD_train_897,3
RFMiD_train_898,3
RFMiD_train_899,2
RFMiD_train_9,3
RFMiD_train_90,4
RFMiD_train_900,4
RFMiD_train_901,4
RFMiD_train_902,5
RFMiD_train_903,3
RFMiD_train_904,3
RFMiD_train_905,4
RFMiD_train_906,4
RFMiD_train_907,4
RFMiD_train_908,5
RFMiD_train_909,5
RFMiD_train_91,4
RFMiD_train_910,5
RFMiD_train_911,3
RFMiD_train_912,3
RFMiD_train_913,3
RFMiD_train_914,3
RFMiD_train_915,3
RFMiD_train_916,3
RFMiD_train_917,3
RFMiD_train_918,3
RFMiD_train_919,1
RFMiD_train_92,4
RFMiD_train_920,1
RFMiD_train_921,2
RFMiD_train_922,3
RFMiD_train_923,1
RFMiD_train_924,2
RFMiD_train_925,3
RFMiD_train_926,4
RFMiD_train_927,3
RFMiD_train_928,4
RFMiD_train_929,4
RFMiD_train_93,5
RFMiD_train_930,5
RFMiD_train_931,4
RFMiD_train_932,2
RFMiD_train_933,3
RFMiD_train_934,4
RFMiD_train_935,4
RFMiD_train_936,5
RFMiD_train_937,2
RFMiD_train_938,2
RFMiD_train_939,3
RFMiD_train_94,4
RFMiD_train_940,4
RFMiD_train_941,4
RFMiD_train_942,4
RFMiD_train_943,4
RFMiD_train_944,5
RFMiD_train_945,5
RFMiD_train_946,5
RFMiD_train_947,5
RFMiD_train_948,3
RFMiD_train_949,4
RFMiD_train_95,4
RFMiD_train_950,5
RFMiD_train_951,4
RFMiD_train_952,4
RFMiD_train_953,4
RFMiD_train_954,4
RFMiD_train_955,2
RFMiD_train_956,4
RFMiD_train_957,5
RFMiD_train_958,4
RFMiD_train_959,4
RFMiD_train_96,4
RFMiD_train_960,3
RFMiD_train_961,2
RFMiD_train_962,1
RFMiD_train_963,2
RFMiD_train_964,3
RFMiD_train_965,4
RFMiD_train_966,4
RFMiD_train_967,4
RFMiD_train_968,1
RFMiD_train_969,5
RFMiD_train_97,4
RFMiD_train_970,4
RFMiD_train_971,2
RFMiD_train_972,3
RFMiD_train_973,4
RFMiD_train_974,4
RFMiD_train_975,5
RFMiD_train_976,4
RFMiD_train_977,3
RFMiD_train_978,4
RFMiD_train_979,1
RFMiD_train_98,2
RFMiD_train_980,2
RFMiD_train_981,1
RFMiD_train_982,3
RFMiD_train_983,3
RFMiD_train_984,4
RFMiD_train_985,5
RFMiD_train_986,5
RFMiD_train_987,3
RFMiD_train_988,4
RFMiD_train_989,3
RFMiD_train_99,3
RFMiD_train_990,3
RFMiD_train_991,4
RFMiD_train_992,4
RFMiD_train_993,4
RFMiD_train_994,2
RFMiD_train_995,1
RFMiD_train_996,2
RFMiD_train_997,2
RFMiD_train_998,3
RFMiD_train_999,5
RFMiD_val_1,2
RFMiD_val_10,2
RFMiD_val_100,2
RFMiD_val_101,2
RFMiD_val_102,2
RFMiD_val_103,2
RFMiD_val_104,2
RFMiD_val_105,2
RFMiD_val_106,2
RFMiD_val_107,2
RFMiD_val_108,2
RFMiD_val_109,2
RFMiD_val_11,3
RFMiD_val_110,2
RFMiD_val_111,3
RFMiD_val_112,4
RFMiD_val_113,4
RFMiD_val_114,4
RFMiD_val_115,3
RFMiD_val_116,5
RFMiD_val_117,4
RFMiD_val_118,3
RFMiD_val_119,1
RFMiD_val_12,2
RFMiD_val_120,3
RFMiD_val_121,3
RFMiD_val_122,4
RFMiD_val_123,3
RFMiD_val_124,3
RFMiD_val_125,3
RFMiD_val_126,4
RFMiD_val_127,4
RFMiD_val_128,4
RFMiD_val_129,2
RFMiD_val_13,2
RFMiD_val_130,3
RFMiD_val_131,3
RFMiD_val_132,2
RFMiD_val_133,2
RFMiD_val_134,4
RFMiD_val_135,4
RFMiD_val_136,3
RFMiD_val_137,4
RFMiD_val_138,4
RFMiD_val_139,3
RFMiD_val_14,2
RFMiD_val_140,1
RFMiD_val_141,1
RFMiD_val_142,2
RFMiD_val_143,3
RFMiD_val_144,4
RFMiD_val_145,2
RFMiD_val_146,3
RFMiD_val_147,2
RFMiD_val_148,2
RFMiD_val_149,3
RFMiD_val_15,4
RFMiD_val_150,4
RFMiD_val_151,3
RFMiD_val_152,1
RFMiD_val_153,5
RFMiD_val_154,4
RFMiD_val_155,3
RFMiD_val_156,4
RFMiD_val_157,4
RFMiD_val_158,3
RFMiD_val_159,4
RFMiD_val_16,4
RFMiD_val_160,2
RFMiD_val_161,3
RFMiD_val_162,4
RFMiD_val_163,5
RFMiD_val_164,5
RFMiD_val_165,5
RFMiD_val_166,5
RFMiD_val_167,3
RFMiD_val_168,3
RFMiD_val_169,3
RFMiD_val_17,3
RFMiD_val_170,4
RFMiD_val_171,5
RFMiD_val_172,4
RFMiD_val_173,5
RFMiD_val_174,5
RFMiD_val_175,5
RFMiD_val_176,2
RFMiD_val_177,1
RFMiD_val_178,1
RFMiD_val_179,4
RFMiD_val_18,4
RFMiD_val_180,3
RFMiD_val_181,2
RFMiD_val_182,3
RFMiD_val_183,3
RFMiD_val_184,4
RFMiD_val_185,5
RFMiD_val_186,5
RFMiD_val_187,4
RFMiD_val_188,5
RFMiD_val_189,5
RFMiD_val_19,4
RFMiD_val_190,3
RFMiD_val_191,3
RFMiD_val_192,4
RFMiD_val_193,4
RFMiD_val_194,3
RFMiD_val_195,3
RFMiD_val_196,2
RFMiD_val_197,2
RFMiD_val_198,4
RFMiD_val_199,4
RFMiD_val_2,3
RFMiD_val_20,3
RFMiD_val_200,4
RFMiD_val_201,4
RFMiD_val_202,4
RFMiD_val_203,3
RFMiD_val_204,3
RFMiD_val_205,4
RFMiD_val_206,4
RFMiD_val_207,1
RFMiD_val_208,2
RFMiD_val_209,2
RFMiD_val_21,3
RFMiD_val_210,3
RFMiD_val_211,2
RFMiD_val_212,3
RFMiD_val_213,4
RFMiD_val_214,5
RFMiD_val_215,5
RFMiD_val_216,5
RFMiD_val_217,5
RFMiD_val_218,4
RFMiD_val_219,1
RFMiD_val_22,2
RFMiD_val_220,3
RFMiD_val_221,3
RFMiD_val_222,3
RFMiD_val_223,3
RFMiD_val_224,2
RFMiD_val_225,3
RFMiD_val_226,4
RFMiD_val_227,2
RFMiD_val_228,2
RFMiD_val_229,5
RFMiD_val_23,2
RFMiD_val_230,1
RFMiD_val_231,1
RFMiD_val_232,3
RFMiD_val_233,4
RFMiD_val_234,1
RFMiD_val_235,4
RFMiD_val_236,4
RFMiD_val_237,3
RFMiD_val_238,1
RFMiD_val_239,5
RFMiD_val_24,2
RFMiD_val_240,5
RFMiD_val_241,3
RFMiD_val_242,3
RFMiD_val_243,4
RFMiD_val_244,4
RFMiD_val_245,2
RFMiD_val_246,3
RFMiD_val_247,4
RFMiD_val_248,4
RFMiD_val_249,4
RFMiD_val_25,4
RFMiD_val_250,4
RFMiD_val_251,3
RFMiD_val_252,2
RFMiD_val_253,3
RFMiD_val_254,2
RFMiD_val_255,3
RFMiD_val_256,1
RFMiD_val_257,1
RFMiD_val_258,1
RFMiD_val_259,1
RFMiD_val_26,4
RFMiD_val_260,4
RFMiD_val_261,2
RFMiD_val_262,5
RFMiD_val_263,2
RFMiD_val_264,2
RFMiD_val_265,2
RFMiD_val_266,1
RFMiD_val_267,4
RFMiD_val_268,4
RFMiD_val_269,3
RFMiD_val_27,3
RFMiD_val_270,3
RFMiD_val_271,4
RFMiD_val_272,4
RFMiD_val_273,2
RFMiD_val_274,2
RFMiD_val_275,4
RFMiD_val_276,3
RFMiD_val_277,3
RFMiD_val_278,3
RFMiD_val_279,3
RFMiD_val_28,4
RFMiD_val_280,4
RFMiD_val_281,4
RFMiD_val_282,1
RFMiD_val_283,3
RFMiD_val_284,4
RFMiD_val_285,4
RFMiD_val_286,2
RFMiD_val_287,4
RFMiD_val_288,4
RFMiD_val_289,4
RFMiD_val_29,4
RFMiD_val_290,4
RFMiD_val_291,2
RFMiD_val_292,3
RFMiD_val_293,3
RFMiD_val_294,3
RFMiD_val_295,3
RFMiD_val_296,3
RFMiD_val_297,3
RFMiD_val_298,3
RFMiD_val_299,3
RFMiD_val_3,4
RFMiD_val_30,4
RFMiD_val_300,3
RFMiD_val_301,4
RFMiD_val_302,4
RFMiD_val_303,3
RFMiD_val_304,2
RFMiD_val_305,3
RFMiD_val_306,3
RFMiD_val_307,2
RFMiD_val_308,3
RFMiD_val_309,3
RFMiD_val_31,4
RFMiD_val_310,4
RFMiD_val_311,3
RFMiD_val_312,5
RFMiD_val_313,5
RFMiD_val_314,3
RFMiD_val_315,3
RFMiD_val_316,3
RFMiD_val_317,2
RFMiD_val_318,2
RFMiD_val_319,3
RFMiD_val_32,4
RFMiD_val_320,2
RFMiD_val_321,2
RFMiD_val_322,5
RFMiD_val_323,3
RFMiD_val_324,2
RFMiD_val_325,1
RFMiD_val_326,2
RFMiD_val_327,2
RFMiD_val_328,2
RFMiD_val_329,1
RFMiD_val_33,4
RFMiD_val_330,4
RFMiD_val_331,5
RFMiD_val_332,2
RFMiD_val_333,2
RFMiD_val_334,2
RFMiD_val_335,3
RFMiD_val_336,4
RFMiD_val_337,4
RFMiD_val_338,2
RFMiD_val_339,4
RFMiD_val_34,4
RFMiD_val_340,2
RFMiD_val_341,1
RFMiD_val_342,3
RFMiD_val_343,2
RFMiD_val_344,1
RFMiD_val_345,4
RFMiD_val_346,2
RFMiD_val_347,2
RFMiD_val_348,3
RFMiD_val_349,3
RFMiD_val_35,3
RFMiD_val_350,3
RFMiD_val_351,1
RFMiD_val_352,4
RFMiD_val_353,4
RFMiD_val_354,4
RFMiD_val_355,4
RFMiD_val_356,3
RFMiD_val_357,3
RFMiD_val_358,3
RFMiD_val_359,4
RFMiD_val_36,3
RFMiD_val_360,4
RFMiD_val_361,5
RFMiD_val_362,3
RFMiD_val_363,3
RFMiD_val_364,4
RFMiD_val_365,3
RFMiD_val_366,3
RFMiD_val_367,5
RFMiD_val_368,5
RFMiD_val_369,4
RFMiD_val_37,3
RFMiD_val_370,4
RFMiD_val_371,2
RFMiD_val_372,1
RFMiD_val_373,2
RFMiD_val_374,4
RFMiD_val_375,3
RFMiD_val_376,3
RFMiD_val_377,2
RFMiD_val_378,3
RFMiD_val_379,3
RFMiD_val_38,3
RFMiD_val_380,3
RFMiD_val_381,2
RFMiD_val_382,4
RFMiD_val_383,4
RFMiD_val_384,1
RFMiD_val_385,1
RFMiD_val_386,2
RFMiD_val_387,3
RFMiD_val_388,3
RFMiD_val_389,3
RFMiD_val_39,3
RFMiD_val_390,4
RFMiD_val_391,3
RFMiD_val_392,2
RFMiD_val_393,3
RFMiD_val_394,2
RFMiD_val_395,2
RFMiD_val_396,3
RFMiD_val_397,3
RFMiD_val_398,3
RFMiD_val_399,3
RFMiD_val_4,4
RFMiD_val_40,4
RFMiD_val_400,3
RFMiD_val_401,3
RFMiD_val_402,3
RFMiD_val_403,3
RFMiD_val_404,4
RFMiD_val_405,4
RFMiD_val_406,4
RFMiD_val_407,5
RFMiD_val_408,4
RFMiD_val_409,3
RFMiD_val_41,3
RFMiD_val_410,3
RFMiD_val_411,3
RFMiD_val_412,3
RFMiD_val_413,4
RFMiD_val_414,2
RFMiD_val_415,2
RFMiD_val_416,2
RFMiD_val_417,2
RFMiD_val_418,3
RFMiD_val_419,3
RFMiD_val_42,4
RFMiD_val_420,4
RFMiD_val_421,5
RFMiD_val_422,3
RFMiD_val_423,5
RFMiD_val_424,2
RFMiD_val_425,3
RFMiD_val_426,3
RFMiD_val_427,2
RFMiD_val_428,3
RFMiD_val_429,4
RFMiD_val_43,5
RFMiD_val_430,5
RFMiD_val_431,5
RFMiD_val_432,5
RFMiD_val_433,5
RFMiD_val_434,5
RFMiD_val_435,5
RFMiD_val_436,4
RFMiD_val_437,5
RFMiD_val_438,4
RFMiD_val_439,3
RFMiD_val_44,3
RFMiD_val_440,4
RFMiD_val_441,4
RFMiD_val_442,2
RFMiD_val_443,1
RFMiD_val_444,4
RFMiD_val_445,4
RFMiD_val_446,5
RFMiD_val_447,4
RFMiD_val_448,3
RFMiD_val_449,3
RFMiD_val_45,4
RFMiD_val_450,3
RFMiD_val_451,2
RFMiD_val_452,4
RFMiD_val_453,3
RFMiD_val_454,3
RFMiD_val_455,4
RFMiD_val_456,4
RFMiD_val_457,4
RFMiD_val_458,3
RFMiD_val_459,3
RFMiD_val_46,3
RFMiD_val_460,4
RFMiD_val_461,3
RFMiD_val_462,3
RFMiD_val_463,3
RFMiD_val_464,3
RFMiD_val_465,3
RFMiD_val_466,3
RFMiD_val_467,3
RFMiD_val_468,3
RFMiD_val_469,4
RFMiD_val_47,4
RFMiD_val_470,3
RFMiD_val_471,3
RFMiD_val_472,4
RFMiD_val_473,4
RFMiD_val_474,4
RFMiD_val_475,3
RFMiD_val_476,3
RFMiD_val_477,3
RFMiD_val_478,2
RFMiD_val_479,3
RFMiD_val_48,3
RFMiD_val_480,4
RFMiD_val_481,4
RFMiD_val_482,4
RFMiD_val_483,3
RFMiD_val_484,4
RFMiD_val_485,5
RFMiD_val_486,4
RFMiD_val_487,5
RFMiD_val_488,3
RFMiD_val_489,4
RFMiD_val_49,5
RFMiD_val_490,3
RFMiD_val_491,4
RFMiD_val_492,3
RFMiD_val_493,3
RFMiD_val_494,3
RFMiD_val_495,4
RFMiD_val_496,3
RFMiD_val_497,4
RFMiD_val_498,3
RFMiD_val_499,3
RFMiD_val_5,3
RFMiD_val_50,3
RFMiD_val_500,4
RFMiD_val_501,2
RFMiD_val_502,3
RFMiD_val_503,4
RFMiD_val_504,4
RFMiD_val_505,3
RFMiD_val_506,2
RFMiD_val_507,2
RFMiD_val_508,2
RFMiD_val_509,3
RFMiD_val_51,4
RFMiD_val_510,3
RFMiD_val_511,3
RFMiD_val_512,4
RFMiD_val_513,2
RFMiD_val_514,2
RFMiD_val_515,5
RFMiD_val_516,2
RFMiD_val_517,4
RFMiD_val_518,4
RFMiD_val_519,3
RFMiD_val_52,4
RFMiD_val_520,3
RFMiD_val_521,1
RFMiD_val_522,2
RFMiD_val_523,3
RFMiD_val_524,3
RFMiD_val_525,5
RFMiD_val_526,4
RFMiD_val_527,4
RFMiD_val_528,3
RFMiD_val_529,3
RFMiD_val_53,3
RFMiD_val_530,3
RFMiD_val_531,3
RFMiD_val_532,3
RFMiD_val_533,2
RFMiD_val_534,2
RFMiD_val_535,1
RFMiD_val_536,5
RFMiD_val_537,3
RFMiD_val_538,1
RFMiD_val_539,1
RFMiD_val_54,3
RFMiD_val_540,1
RFMiD_val_541,2
RFMiD_val_542,2
RFMiD_val_543,2
RFMiD_val_544,2
RFMiD_val_545,2
RFMiD_val_546,2
RFMiD_val_547,4
RFMiD_val_548,3
RFMiD_val_549,3
RFMiD_val_55,4
RFMiD_val_550,2
RFMiD_val_551,2
RFMiD_val_552,3
RFMiD_val_553,3
RFMiD_val_554,4
RFMiD_val_555,2
RFMiD_val_556,4
RFMiD_val_557,3
RFMiD_val_558,4
RFMiD_val_559,4
RFMiD_val_56,5
RFMiD_val_560,5
RFMiD_val_561,3
RFMiD_val_562,4
RFMiD_val_563,4
RFMiD_val_564,4
RFMiD_val_565,4
RFMiD_val_566,4
RFMiD_val_567,4
RFMiD_val_568,4
RFMiD_val_569,4
RFMiD_val_57,3
RFMiD_val_570,4
RFMiD_val_571,5
RFMiD_val_572,5
RFMiD_val_573,5
RFMiD_val_574,4
RFMiD_val_575,4
RFMiD_val_576,4
RFMiD_val_577,5
RFMiD_val_578,4
RFMiD_val_579,3
RFMiD_val_58,3
RFMiD_val_580,3
RFMiD_val_581,3
RFMiD_val_582,3
RFMiD_val_583,4
RFMiD_val_584,4
RFMiD_val_585,4
RFMiD_val_586,5
RFMiD_val_587,5
RFMiD_val_588,3
RFMiD_val_589,3
RFMiD_val_59,3
RFMiD_val_590,4
RFMiD_val_591,2
RFMiD_val_592,3
RFMiD_val_593,5
RFMiD_val_594,5
RFMiD_val_595,4
RFMiD_val_596,4
RFMiD_val_597,3
RFMiD_val_598,3
RFMiD_val_599,4
RFMiD_val_6,3
RFMiD_val_60,3
RFMiD_val_600,4
RFMiD_val_601,3
RFMiD_val_602,4
RFMiD_val_603,2
RFMiD_val_604,4
RFMiD_val_605,4
RFMiD_val_606,3
RFMiD_val_607,3
RFMiD_val_608,3
RFMiD_val_609,4
RFMiD_val_61,3
RFMiD_val_610,3
RFMiD_val_611,3
RFMiD_val_612,3
RFMiD_val_613,3
RFMiD_val_614,4
RFMiD_val_615,4
RFMiD_val_616,3
RFMiD_val_617,3
RFMiD_val_618,4
RFMiD_val_619,4
RFMiD_val_62,3
RFMiD_val_620,4
RFMiD_val_621,4
RFMiD_val_622,3
RFMiD_val_623,3
RFMiD_val_624,3
RFMiD_val_625,3
RFMiD_val_626,4
RFMiD_val_627,4
RFMiD_val_628,3
RFMiD_val_629,4
RFMiD_val_63,4
RFMiD_val_630,3
RFMiD_val_631,3
RFMiD_val_632,3
RFMiD_val_633,3
RFMiD_val_634,3
RFMiD_val_635,3
RFMiD_val_636,3
RFMiD_val_637,3
RFMiD_val_638,5
RFMiD_val_639,5
RFMiD_val_64,3
RFMiD_val_640,3
RFMiD_val_65,4
RFMiD_val_66,3
RFMiD_val_67,3
RFMiD_val_68,2
RFMiD_val_69,4
RFMiD_val_7,3
RFMiD_val_70,2
RFMiD_val_71,2
RFMiD_val_72,2
RFMiD_val_73,3
RFMiD_val_74,3
RFMiD_val_75,3
RFMiD_val_76,4
RFMiD_val_77,4
RFMiD_val_78,4
RFMiD_val_79,4
RFMiD_val_8,4
RFMiD_val_80,4
RFMiD_val_81,4
RFMiD_val_82,4
RFMiD_val_83,3
RFMiD_val_84,3
RFMiD_val_85,3
RFMiD_val_86,3
RFMiD_val_87,3
RFMiD_val_88,4
RFMiD_val_89,2
RFMiD_val_9,4
RFMiD_val_90,3
RFMiD_val_91,3
RFMiD_val_92,3
RFMiD_val_93,3
RFMiD_val_94,4
RFMiD_val_95,4
RFMiD_val_96,4
RFMiD_val_97,4
RFMiD_val_98,4
RFMiD_val_99,2
